address,"total NEST to claim, wei"
0x001B71FAD769B3cd47fD4C9849c704FdFaBF6096,1363372583669030000000
0x002344F3C01b32771936403d2E531c1B4018ECc6,3707560871368090000000
0x008f84b4f7B625636dD3E75045704b077D8db445,2141715607795770000000
0x009c82EC2dC81FE2F761891165d5C9Eb52953Ef3,54691702002217100000
0x00a01bC13a1DdF4a4Af6852baeE66b76A0316CBc,2317442191193770000000
0x00F69AD2107E9475B62Cdb15F8F6879b62003cC1,150307628502180000000
0x011b0a055E02425461A1ae95B30F483c4fF05bE7,153375661391865000000000
0x013970b99267F6f6acfe52948B1A22973A976BD5,497700260447974000000000
0x016387F0fDbF5F10647a2712524AC7B839164CD8,33932506759887500000
0x0175b01D8ef9b494888D6baBdbC4f6d89F74de65,1064656286190920000
0x0197693386d6448453f0b4D391b4E39312EFFB41,165802810116092000000
0x01Da72EEc8Cc2B520EaBa33906a2771888D327Bb,4874992591524420000000
0x02706C602c59F86Cc2EbD9aE662a25987A7C7986,119302740315393000000
0x02777fa143175Bdc916f800C4337f307d28a9Fd9,2141715607795770000000
0x029F5cB93F391dd140b03aF7B8D492a17A6A073A,70440240332377800000000
0x03174f008c56cd02034955D81fdE78d5001F8197,24610282384618400000000
0x03D52Cb84D90773C280Ad77af95Ac55807c94790,1390025441103590000000000
0x0422211c02fef3F623B1dA67A116482B029D8BCa,1634213531807430000000
0x04261F3A4f4E244B80ED7e3d8b7fF28Abd6c4Dc9,197279899832102000000
0x0452b130342e83334cE04f56906B1B095B9eB19E,7519651276812110000000
0x04883A6bf66f0927aC057a1B8959916ABbbE6c52,1293548298970600000000
0x0559D667f53F1DC34bA0F202e20C58b50D78Be86,2141715607795770000000
0x055D875697aB3Aa91fF64B16875B1Ac4EA1a656f,1508204379157990000000
0x05707A373A4af5dFeaeaB2D32fc806CF1e41f44d,25020892444934300000
0x0570c9C566e6cd7426E83058064675DB304AFf65,332581145103842000000
0x057CEdF90134340914ABC575Be02b58a5B86ef03,1786531481760740000
0x058cFe683a1688E283bC88c6065c583F78cD90Fb,10106594717628500000000
0x058FD36A48e1C9980B34b41eaC8a46C3EAF19A41,54355952836829400000
0x05b27974688b1078A105c7f5BAdab65a5A41431C,16379327477215600000
0x05b9E1E6954F3071bA56Ba18c93f56119DCEa030,263313197009302000000
0x05d2B4F2c49Ce748bf85E93aBAB73fbDF5BACC9A,3609547342779120000000
0x069C4Ead784939c7720dFa17830b8CDcD0eCaF0E,315488178571386000000
0x069C65765eDe4b03285661C717Eefe3dcC5078A9,2141715607795770000000
0x06AE997194d73C3a25d7eD613B3f1BE8bA3783BE,2141715607795770000000
0x06b04A5e95620DBD13a2b27BC359E0a77f263051,200865152680837000000
0x06CD1d95Ce27481d6FCF5052b3b69f804b97eEcC,2587096597941190000000
0x06F5e5f48240AD36676F914367C2CfD48b71458a,20119273918362300000
0x070D5961b76216BB5bC2D27e22D85702e3C393fC,2141715607795770000000
0x072e333E4C5B434A59e74f8876035CF81E5f248e,5933569419379030000000
0x0736e3344001109d17504164c0FB2Ec4A194aD62,459103449637738000000
0x079137519d88bE75E0080C2eA53a02F0E7070158,1422964869353480000000
0x079BE60c7052b77888b7672C2e63d86de73F54AC,2141715607795770000000
0x07F2BDd209D8D7D80c047Bc7b7A78593bE37195f,1018658104322400000000000
0x07F42621E2E82bB636A5aD3E602E6E9C1f19aC09,1634909768367520000000
0x081c2D473B62A2c13CFfF364F30B56EBC29b9060,414544021588177000000
0x091Cf50B11F191E04B4173FD28A030A6B801c49A,84692200072146700000000
0x094B12A57FCF2C37E0b5898a50F372427812280f,10269240734816500000000
0x09590326021fE400dE3Ce8B54E55E534C8Fa9D60,2141715607795770000000
0x095c938780605911Df64dc66342C3260989E68A9,669246678057367000000
0x0965290539099054Ca569d4d534Ff52c1BE4870f,6450998128171780000000
0x096918C52454Fce2d6d139685A88a861091DB6f2,822979309272000000000
0x098dDb5F48AD1DAA5f691c4b2AD6360e45a22747,2141715607795770000000
0x09DbE04f651B21138920A0a6C64773F8704492b1,2678177227017830000000
0x09dbE191065884cF36C18bfa5A9Fde973edC86E3,23659028583930600000
0x0a01d7950BBe0C27287C06aC0d07680640C7e61A,227845544862581000000
0x0a3043F9d2b1c6cCfc492EB59Af5156F378c57BD,55634750128572000000000
0x0a55C4A2cdFa4f3C486415bf1EA7dC24c472DDeA,20287700540721300000000
0x0A7CD00d0FE34B1d285B11aa4047C540b4bCb517,2141715607795770000000
0x0A83985E4A6E8Dae2B67beD4f2d9268f6806Ce00,2141715607795770000000
0x0B2c2BAD715b981D050872A7805013b0Abe7b694,100649106002862000000
0x0b3aa91438E098AB60E63bADeDDe2fd227DD5Ed1,694559959394919000000000
0x0B56bd2F27C87F67d7AEbB2D41F2A8BfF3C24685,230620769894387000000
0x0B7576A64A0F4b4924D55eD328Ede4979446521B,909962637909605000
0x0B997e226B63FdED87673Bc8B43bA24477b8147A,34280827712852000000
0x0Bd27FAc898a59680b9dc92bB7378Df610825E8D,11287758207514700000000
0x0BdD3547f516287Cf3c8c7427CE86d4F3d20b314,1763536508884020000000
0x0C2D46095EcF9310c443dD9F83F35C946A5028AF,102970674269995000000
0x0c43B5EFe2f9e478b3834d3B751e88a284787861,10694437409038400000000
0x0C82E08b1b4E62033D2Ac3010EB774B30788B8fF,3118944279503150000000
0x0D4c74C2C80c7d1AF1b0F7488D09dAB8cA82d1E1,51130800614402100000
0x0dA8aF128E39776Cf0a10DFDB9F70FE3490094dE,424871603948366000000
0x0DeE9367Fa7690F509245442D5808e065C50380e,36887234996767700000000
0x0DF06476eA7b96c96D928429e247Aa0ec85ba95d,2141715607795770000000
0x0dF3Dc2eB13aB4784a17D7bfA19aD61585117554,9591955844403000000000
0x0e274893a525B36d397d6415c65863F20643dab4,9809397235410610000
0x0E3e1f6cBFe0D4E0C9251C90C7eBd2dabA2011D4,1488459143731180000000
0x0E80A01f8E69D535975Fa34e64498651BC74247f,20353275067376600000000
0x0e88C1171188Ab7Efbfe9947aDAC3E43d882a380,50479343105385400000000
0x0e9A181d799a3f02dcBC7D804C933D465D74dc4c,2141715607795770000000
0x0eBDaf1Fc3C383214825AdbCa7c06eb60a504A82,1939600885266290000000
0x0F45156F109e474295913D78036FA213b1745D5A,4396145732999740000000
0x0f6aC4df63548EcfA11e7A218c9eEe4c079F680A,220456648277859000000
0x0F89DeF402B8Ffa30eC805BeA36216876cC3E318,2141715607795770000000
0x0faA92aB469Db5D268fD37C2F1F5E39F72B0E3B3,43631467993397100000000
0x1025e80EDBe3B562e3Ba0EFc2288A70A4Da9EC47,2141715607795770000000
0x1029Cc5980b2adFeb2Dc2e1923c2C3ff173299A6,114728089354499000000
0x1047F05d11a447D3D346488aB554B403B9a6fA3a,3823965606746280000000
0x10fc136bFb2B83E389e74C80f9A2B28b0D50320D,160990589914061000000
0x11141775c53a9aB80C5ecBa3146FBCF1bD0616d6,828429985421566000000
0x118de97277d6Db92f64d3b985B08fF6B2a114076,598141999230627000000
0x119030aD7E6FEa8f694782898038da2E768cF6BF,16078005229543800000000
0x11Be8424bAbc96C6250BC846bf8B465AE0a3106B,3182704558695040000000
0x11eFD8579B24e49F0ff2c14Be23241045c8f7C01,7997824007781400000000
0x123235Cd749CcaB2B466DA88A07e66089f79bFB4,632318307050656000000
0x1255E17ffF07322231A4124Bb455C85d20d0a2c4,1527961143095260000000000
0x1273162B4fE3424Bf03d74c88181714Bbd263393,28523691635548500000000
0x129ab3a1C3eB5C3d27183A9f55caFe21a8dE49D7,195934675221042000000000
0x12d2C151F83C59106Dab90E99dfc210b51b005bd,1293548298970600000000
0x12f0022Df0353cA4b59165419573c1B761F6b5Fc,642812911244209000000
0x132e0544fA7c900E3b294a84c485AA371c1871b2,2057614349464530000000
0x133D93566f9699B3Af46fE150daA8a67a9563ED6,467081274982934000000000
0x134a0C2b582e75f8Fd6c52cd07f96B454857801E,2141715607795770000000
0x1371D3038d35e9406f7CE55Df1DB4c6302704F10,2141715607795770000000
0x13a32F37AB615D3f2c4296d43E9f48a7546C1b77,813817768557462000000
0x14aAD4668de2115e30A5FeeE42CFa436899CCD8A,2141715607795770000000
0x14fA6410f7c2D81F4617a4C7f0dEA91235DbAd1a,3189380848262320000000
0x150fB1a585f56B3D693c55a28b9f3520caE9B9C0,824435031470626000000000
0x1525D8fcAD680088245055fFB43179367D3EFfC0,2141715607795770000000
0x152A8e4f6502842CD0325a1038626b8f1E424EFC,2537448042666420000000
0x153B4F4f2c6c284f844A53eB2e097D23B7bfa4Dd,2141715607795770000000
0x1558A7E06CB93f68E4056bAa4757Ae6f19721BF5,3926890899198410000000
0x156e4293477d4371Ce37eEd4ba084b609E841BCC,9738418846589650000000
0x15c31bc8109640935e86d38af7e01A013f41b69d,2141715607795770000000
0x1606e156009D8897c9D752082ac92DaE29eA219c,145525917737145000000
0x161D9B5d6e3eD8D9c1D36a7Caf971901C60B9222,2602462442246520000000
0x16224283bE3f7C0245d9D259Ea82eaD7fcB8343d,1795237989586730000000
0x1633090139689AcF26BC44C7dc9c5F2D4e320526,6467741494852990000000
0x164572AcFf302AC81C257299fC5c2a074f069C34,2141715607795770000000
0x164A2300B19D888506556A1CF38365f10FACD808,2141715607795770000000
0x167D87A906dA361A10061fe42bbe89451c2EE584,1719513851868870000000000
0x168A2dC9ABD2d42B1036149C3B0D849367e10864,147464291196807000000
0x16a55D6C1D1991Dfe63Af7a0b8F19749791c9f52,2845848206558400000000
0x16D786614466510C0930642F62F1b391e26E9be1,1293548298970600000000
0x16E1bc23C2210Ed6C8410e3c6Ec0FD8C0B5662Da,11196171789038300000000
0x16ef04260Ca959C75bd8d4247874517c9cF74d12,382998072913596000000
0x16Fd9A23CC13B3530D5f2d1850189880D93E7485,577999221821939000000
0x16fFf9D1546C7b4d0df0c35dc2c55b7b32A67D1c,160508309672742000000
0x170D2eA8f593FCAbDB353DBf92fC9E4a417D688C,26544013890650300000000
0x17134D2b7529a0692E39FC1Eadb24D1a903ad0Bd,9199722266885180000
0x1723e4d5DAAc7D6761941237d9a70b200424AF41,78326880590562400000
0x172B544064B3B1d34731102f1FbF04DdD7E554b4,8814190467275540000000
0x174AA76FA2EF0B6d1316cd0960868f79Eb0d9Cd8,2141715607795770000000
0x17585B625889bEFc32d6B9f538b54f9c6D1fB1c2,6495468001791250000000
0x17795c5Bcc5843029b42bfe1b271c4b256625F83,660341839977461000000
0x17A3db44a39c47eC1666fD87FfA0b63Bc8e27E95,51485686042559400000
0x17c8AFd739A175eACF8Af5531671b222102B8083,1293548298970600000000
0x17e566d94b9E9471eaAA1fd48fEd92666Fe0e6c0,7456605099496800000000
0x1820AC94838Af32bBead528Cbd0b050579ead08f,19445901569042500000
0x1846622892AA7bfe5d7282643133Ad47823FF18e,2141715607795770000000
0x18491bA2e189ac8c18C1Ffa6AEDB6290eF1C73fA,124425949912525000000000
0x19312C283892c80bB94beE87e88D6E726b377a1d,478619745694054000000
0x193717f21f37890A993E9D26b05E4A1822B06038,149788949779653000000
0x19C1c6bB9927B6E3F259A537D9032EF69C21DE43,231539993154943000000
0x1A2929B1Da32A2DcCE6442a90853De48006935dd,2388832130488430000000
0x1a31e1dc5A6431dF52Ad14572aF2A5B885a3C964,47591045957429100000
0x1Ab7C6aD635d99C9637E08a95290a21d677501de,3453398991053830000000
0x1AeD6C62bd84aCBFb3e6f4a42851F559Ef0eF6bE,2141715607795770000000
0x1b2B36FAaa1cF712d28dc2DA8311051F24348749,2141715607795770000000
0x1B2dAb8062e1d7ea6D6BfF01aE297feDE19E3125,4240808076049600000000
0x1b4862F983AA573518B612f1bb1579F4b02796CB,4972608128616120000000
0x1b5bbc00D336e42ce6dd79DDA4B5AB056A614f4b,564322429480362000000
0x1b73dc0bfa7E095A9bcb71bC6F3e95242C76c0E1,10380336073986400000000
0x1be1329BfCD8bC85b424Fa9af7392e5deFbDb2ED,1293548298970600000000
0x1Bec4f239F1Ec11FD8DC7B31A8fea7A5bA5a9Aa4,66199781899973000000
0x1c51647584207d82DbD59b8A62e93b9A43853543,8519576983508930000
0x1C56038011D90d8F338bFdB72F679bFF73dAB81c,2141715607795770000000
0x1C9A640505aD0FA98c6a61d3357962fb8D940bD1,1508435392430770000000
0x1CE864effd14cD9222d6C5bca161116abFE1e54E,37800904015383500000000
0x1CF2B8c64AEd32bFf2Ae80e701681316d3212aFd,357296829707689000000
0x1D15754199854c7d0817bE1dAFb53fbCcD1C113f,74458608993306900000000
0x1D5f46E9a131A8B429f8C505B2381a24367a6e67,7285007206674660000000
0x1dA29Ca4E330F0Faa816edB6B55B46f9eE453F7f,30957255833796900000000
0x1dcbb7Df5d78E85fB8e92D8A6Ef408f8Ad814a31,4112016889819330000000
0x1dd581F799D163422ED4a41a9508480ED51Ed3B7,145339232507978000000
0x1DDEf735E94f994c3E76AD619a91C8D43379BF08,294804123675087000000000
0x1dEA9e64E57Ab2ac25b3C73e74E9A3294d6B3fB8,2606338517440820000000
0x1E42E5e37546CA46F122746d43959392bAe8966B,6239998204908080000000
0x1E54F6E49648b5bD0B024F272f2041CFEb444CBe,239493066671145000000
0x1E59078C552206473E2FE13DAA3bf7699A609F93,2438699868944490000
0x1e74fe61d36444C0F0ED180c7AE5CD3631af7378,80456263860470600000000
0x1e93480aE6867ea016Eb9B0d3612B8C8454237ef,2518030287597860000000
0x1EbB73f5F47Bcc3D7dC1dabf7284875E3AE40E07,1490516325455910000000
0x1f0D4973B96a4Bc681dD11FDEABA44e241a6BF60,2938139497849790000000
0x1F50c9a5Adca1F0Cf1c43c498c1a8C6023Edd243,181780701070328000000
0x1F68f203dC24886AaD95bf3bA48E39Cb5Abb20e3,2141715607795770000000
0x1f70070B627d53C5E06f632ce9734E3ce661fe3F,86204679777382900000
0x1F7Da94F8Ffb08Ef04809E588A060224c4137877,102934973621101000000
0x1F9E539D76eCc21830fa6a7CdeA4cf3946927A04,2141715607795770000000
0x1FbF88E60Ed97a817867d882dD97fa856f840b15,11344984718263800000000
0x1Fc46d86890cB931432ba21E0fA05C70fF9b0FF0,107456708017284000000
0x1FD3C9245179a92AB547d19BA2f465A2403083cc,2684389781274630000
0x1fD7DAe8CE6190509486e657629975e10eCFeF60,5149698669689700000000
0x1feE198A3D28B2419bf0Ab4BBbd6cC8f75368216,2141715607795770000000
0x2093d87807a430Ca7F4f3BAE983152E5527028c2,106279383995814000000000
0x20D5F3f40Dd1783D4e1075fc028732D60D2B9Dd6,1341988080038160000000
0x20Ddb3C73982Af3Ccc0fbF38E2640aA575E66ca8,123791877851727000000
0x210c09B2390ee03Ee86dD8bb736BDA2F31AaB57F,2141715607795770000000
0x211E8C1B6cb5A0162a95e07A3bF173f954E76af2,4975080444457650000000
0x2130FD01026867A6c8DdE24ad5E64F2e2DFce196,11342916251661400000000
0x2157BFBb446744fC92bd95C3911eB58D0a9b01bD,6514403403467940000000
0x219EE0C53D8d8CdA8700647b1e2a58896a4Dc5f1,12097390142405900000000
0x21B947726904539D7AA5AC99BE8a4eE846f4f832,86220709015340100000
0x21c0d45E3c1A4430c4bE2EE9109bC788CaC0ffe6,419419316700800000000000
0x21E1728c8768510C145c7b594561e59260c493Ec,2141715607795770000000
0x21F64aB89929e9eD0A4b33D2D8e46719bd3dEB42,1625638583097530000000
0x2217854468CfA2EECC21761bCC67a2F773Aa1425,13339386449283500000000
0x224a5ba2c04b66E97743d5Bea1D6dA6Bee8B6a8A,192038515099905000000
0x226Fa898550EF48313d359d90F69914018a89F73,2141715607795770000000
0x228E7E122dF3Ce81de1bE62b7c551f93865F2d09,193850271744891000000
0x22C29291F01ecAfD7003c17c7E1935168c001996,2479464643669760000000
0x23055b4F89C2cEDac82C04fc1633AD1973a158fc,15174725191551800000000
0x231304b170c55C74e0A79bB6bf397aDB3A9DA373,1447541265550960000000
0x23184D3ae7DE5609bB57EAEC707d9BE0b17408A6,4151660573048270000000
0x231B405c333DB6D81ADEAadF4c6FF3940Ea5dB21,2141715607795770000000
0x23777a214Af90185FA59fE692DafF609dd02Ab90,95107608491031300000000
0x237E1CCb114C2C404ae770236c7420Bf051829b4,120073263439319000000000
0x23F48d4f9814e3C7eC6e6E5C26Be444f74E2c15E,272988791372882000
0x23FcF8D02b1B515ca40EC908463626C1759c2756,2141715607795770000000
0x249a947f9Bf78F0e1E3F4304d744c5AD7aBcAb12,64308290067120600000
0x24C04BBc0A15936c9C5325fA467e55DeF72Abe1A,2141715607795770000000
0x24d337865E9Bff6C8b65397b3c1f61FB78b1F1E3,7441246358799370000
0x24db8a0A16Da2812B55AF4d0F3a8ADa8A68A330f,144029540212123000000000
0x24E32f7BFBce554aB95346D02791b4c12DcE41B9,3288377482276310000000
0x24f595CF45eC425e42F1350fD7452694d01ff578,105508076918381000000
0x251244F964cceE8ED38e4D17AFb500FA58849587,103145203831734000000
0x251529cb98Cb17beda8963d4C742a7E791240768,3932932972986280000000
0x2565338450efBFFD83388aC2E75B8A22925473B1,965221908590585000000
0x2581Ab339c447141DE95426EDb4c7c341be4819b,2029728998482590000000
0x259E9949c46975C3B250A78D25a4d998e5401a44,631287225560624000000000
0x25c77c01a5d96A6D9538022f3d8cFfb211F6b899,4158487718207690000000
0x25Ca93c584756D674D6FE6D1e241a89791b18DF3,3378029755723770000000
0x25d246a7A723cAE8cF7760Ba902eA0f2329947F7,9099626379096050
0x25FdBA2336b29057df9a248a3666c56f8DAF3250,142964230040457000000
0x264a0B2961f9662BBB8dd0B830664A3918d8ccAa,102434686857396000000
0x265C8B23C0CBa1777efB97A79335f75C11a3f386,21739007415165100000
0x26602Bf417c4e57bA3d2268d7f93A1E16F29E069,4714512018467020000000
0x26610e89A8B825F23E89e58879cE97D791aD4438,2141715607795770000000
0x267B334dFa60455b1426F7E76e3af7C9bF2b5276,26544013890650300000000
0x26c541f5e1C8eab0f6F0943Bb1C8843Ab18C4B0D,2141715607795770000000
0x26DF3aE78E4fDc1241e22682363573A8f21238a7,10086957925823800000000
0x26F2e5F55C4be2E5F3431969AF9099b37912ca6F,57122313451244600000000
0x271bC1af8Ba402f57b574825a1D88cde9fEE7F0c,216185429735030000000
0x273E2a10FBbC05886b5471b739A9bC6b1AC7A8FA,106531220906213000000
0x276f90535DaDD16C42F15886eEEAA2864128803e,4889764070140030000000
0x278484e16C8C1C2E611abf6E387EFAE7108de533,7374534077713070000000
0x27ADFbDb9A913fFDf886b4f76eca80AB8f189beF,8848810229881410000000
0x27Df3BEa267bcF89690d60778Fb328112d75d01a,140378465892888000000
0x28165971E4d592CA6C45A3786786Ec2f6b4b8D23,1682705150091820000000
0x28261858E665F9617E17C637a951bc205DA16150,6030477430568760000000
0x28358CEf6F55f9746c9C26c62E5728036B4F64B8,6004326447947210000000
0x2846f10A4ADC6da64CD55a02FD6D3d87b92f5c05,2914868095428560000000
0x285fed35cBEA271A711681e84fFd83c68a596A75,10302952761697500000000
0x2869C9913da2000c962Cfb0c323d831F1d6Ec42D,539735238963766000000
0x287bDF8c332D44Bb015F8b4dEb6513010c951f39,922865907792611000000
0x288EEa5DAd34F3d37139737C789D61294beb6Df6,17801826552961500000000
0x28aa4F9ffe21365473B64C161b566C3CdeAD0108,299621247054338000000000
0x28C974C18C6553B445c4B77F35D83F3499ACF58f,429771682632223
0x28e4fF4DD35bcacB040ad6cfd8283EEd459B2E2E,1517154207727320000000
0x29173d2cA61813d90B49A1e715BA59eE49377114,3981142569539250000000
0x29978235174fb0669627B072102906af02f11E88,28436332427154200000
0x29CC5559f54C4408e5073aC8f9432f9ADA93c601,5063740674361720000000
0x29F82d09C2AfD12f3c10ee49CD713331f4A7228E,2141715607795770000000
0x2a22107A718C0fFB3b99c8F15a6a1D5Cff30bDB5,2141715607795770000000
0x2A2B676d146093435424F67231289Eb61Bbfb50E,1700568507122350000000
0x2A37dee235876438dF436e63d4648899E0E6e77a,85954336526444700
0x2ae9176a87c7a0B3150a377Ce2Ddc13a45884Cda,37426752936363700000
0x2B185C762F6Fb49a07116EC06B238B58Fe2BeC53,483878803311872000000
0x2B2d8Db86A129D4387440F0daa2dC8fb9E5e160E,2660496444074590000000000
0x2b41a71c5767ED3D53678E217fD94264BaBB368b,1446261721671300000000
0x2B8cA9728FcC756A1B222bA70B55f3c07eEDc267,2141715607795770000000
0x2B92423fDB70c166c7fad664493Cda07337e40Fd,315917773396451000000000
0x2BC55eAe1C5C5ff8d4Ed79B1eaC06a4d350a7C91,4109928150623660000000
0x2bcDCA8c689b4aA460B66FFde1d6B1761d41d5dF,5439899619894970000000
0x2BDCEe98064DcEf922C031Ab468a8Cd2CaAe2EE9,313769493634215000000000
0x2bdEfe7ea78009ce07fE2E696B0387BBDbbD74b5,4740560976778390000000
0x2bE652fA30D480a471D3FBC160689Cb05d9a444A,2413240892466770000000
0x2c3474Bfe64cD9748be69D24c30cC91639265e68,4862919503818510000000
0x2C9AA5E544453e5A6249139FD3Dc2e711C56eB4f,5703136059292780000000
0x2c9C3050B242Df683c5Db26A0c5874c938E06B8F,1534026449493650000000
0x2CA053639C4Ab1f11C5455c017bD962f45E6048f,210583553610082000000
0x2cf59F8986aa73D37F5Dc3A59a50DB2704f5aD9e,2141715607795770000000
0x2cFb075E8FC0D99837653629B0A3d527f0769a1A,3733991943471460000000
0x2d192Ea713758EF0fF436d7D3582033B462cc1B6,3924032734222650000000
0x2d2CAfAA03aaa8f62157E51ae0eF2534355515f5,22831965681172700000000
0x2D5B2f465d3bA99589a7d64AcD3C1265d1fEA430,3983636615736300000000
0x2D7dAE92460eCeEf480F875599b672F685a71B5E,6212401432623230000000
0x2dC95DD15eaa66E7f92d38044e11C81e266952E0,69511542595528900000
0x2DDB405238368695f34d30a80AB60c449aa5cE48,2141715607795770000000
0x2EA2ce595Bd68a0CD1FD34b06dF98970952Fe4D2,7153279891814980000000
0x2EB5BBD6Ac55a3fF064ee0a9e4D4a839D90A8207,2141715607795770000000
0x2eF4e4255A2F3162A41b28A5236Eb5ff49D3371E,2141715607795770000000
0x2f45724d7E384b38D5C97206e78470544304887F,75277132826186400000000
0x2F91dE7942B7CFFaEceB945E803905fBb964f381,2141715607795770000000
0x2fBA49E7da57a05A577a969457209670269a32AB,30920530432850500000
0x2FEf6742D30C81c518d7742D5c7Ae6723f64a79C,113866561490331000000000
0x300A14363CcC6cCA92b3ad76a429C4687a9CDD16,2501531039585780000000
0x300c0768338492366De8D7F2843b2e9Dc9a3D8eE,32758654963026700000
0x3011bF40F0c8363d44f23A5Fb5f88d8663896a3c,573267362146711000000
0x301b623AF819848371feE227c5ead1BDfC44F8Aa,8235161871921540000
0x3021338C74f10CEf1ECe6404Ac1498c2559f7a5c,96870539477877800000000
0x303F2d38AB911296DEcA9dC19968a854d9cBCAdC,2141715607795770000000
0x30DDB23BcFe0BAD321192fC6A5eA9e69df59799a,1452581092437080000000
0x30F89f5f4cF25f457B4D9cBFb64a64A97F00bED0,21488584131611200000000
0x31273d679EA2c03771E333911466f64585016313,14213616401277200000
0x3159BFBB1f89b363C24Ead3AA5AAAfe400269E69,2141715607795770000000
0x318f3BF55949B361708A30c410BD5bF7101EEEb3,4502029970642010000000
0x31B87a9636DC5626a9C1B9AA730cbD17158d701F,7180984464916700000000
0x31D961ec888dfdC07B218E1066500AFD2f74727A,28623651028041200000
0x31dfb68a54E43E17e613afcaB67E382B29053FA4,2937616099897140000000
0x31e71C89a1cC088179A14280414A5D777e3B2558,12516359104264000000000
0x323c9EA33B77Dbb2FFF0c702c59c99Ffb1b5A23d,2141715607795770000000
0x3276265d5628a199d2aF643160E1893c86C25AC5,2141715607795770000000
0x329eB667752E1B9D23341715f65EBbdF59034198,19447139122388900000000
0x32Af25467b00aAe516505B3331cfEc52092ea5BA,2141715607795770000000
0x32dd733fCaFe7678eA3B8e526F44812a76c5190f,2141715607795770000000
0x33173A3B9b4a86654fefA252F75dAB701df092cB,13391837953982000000000
0x335475d760078DcDF4d23619fd0E4C467729D5bD,1518982852626400000000
0x336E3d60cd414B73247e9a8448Dc083Bd38AcD50,26398528683821500000000
0x343eeE3EfCAD87e589E7B35BdC72758fe9c839C3,201771636833331000000
0x34C6A516Ee11bFb386962060888d4b3B128608cb,2141715607795770000000
0x34D4C501DB810483c6d6D9b3AeFF8fdF6a7DDfC5,10883149024619300000000
0x34E4451B1Da7615E9897de4896f1645a8ef9eCFc,74455537294610000000
0x34EB5C0a3a08eEB18141a626Da5ab7366791ce43,33332122989073800000000
0x34fB5E72A593ec2a3a1fE04eb9A52a3Cc48ACc18,87547505397176900000
0x35135671c2E46D4a16DBfFaf2348e06c7041e664,870789587154077000000
0x35A1a7740653b9c99b9b70C37c1C97192585B6BB,2141715607795770000000
0x35ee51f8C901cE6fC08c95e22Df8166098153B18,1580815959922180000000
0x35f7a9311eAB6961B0b278C7e176b8Dc9C43C185,22494750043224900000000
0x3672f5F8a74d97e163382b4b94B76C04d4924B1C,11579609214551700000000
0x36b27b40E724092Ad752ac60c1ac171e0225b4B9,1855449306601860000000
0x36f630b6369711fCe05f21Ac80aC3D798E652b39,969800442676123000000
0x3776e8A0746661E330b881Bc1327aCCC2054bd5f,2141715607795770000000
0x379CAdAb8F98bF10121E2e9B7fc02CA802345E8b,1389505882288610000000
0x3806B7F23538b26Cc3d9A9C51A4b57654eAFe019,64316959428990300000
0x380fEEA870DB5EDd638A8fe78A271FA6E707826f,349789217793428000000
0x3820c80cC5A0e671E4557E1b9897fB1Af01e8455,412886447287130000000
0x3834c6c5Dd42B6a3Ec3D63d50d2fE85B78cE3A12,1990973195581600000000
0x3850CD6f7516Fc46dd3aeCf410FA84a0358968F5,99540936890556000000000
0x385BAe68690c1b86e2f1Ad75253d080C14fA6e16,7710632548915260000000
0x389b8Bd4FAc72ff9Aa5fD888a4B3283Ac4c14b28,53088912581402200000000
0x392014C1BF050aBc4a3e1329EA420BFa86858427,199081873781112000000000
0x39347D78EA7ea0961768A4024480777AbD6d609E,211156253590026000000000
0x3967D78660bCBc95c625d58A40C42Ce10bd905D6,2587096597941190000000
0x39D12116298f3b2B55E53e7B99C0Bf47041761df,20155199342903700000000
0x3A39899DC78b7307aCd83f51463C853Fa79E1B09,1921082893392210000000
0x3A98108B5ae113c9ce6f423C89B37c4C1567aC78,26916694826735900000
0x3a9F4062cE363664f4f50d0E08bE7c85b17849A0,5973259610334380000000
0x3ac453051Cca7A13D84519B22300Bcc0a5096D03,1293548298970600000000
0x3aee7d5600c29EE7e4482c810746081313460738,2141715607795770000000
0x3Af0e0Cb6E87D67C2708debb77AE3F8ACD7493b5,2141715607795770000000
0x3afb643DA2CbcC18146AFC1E9d9A12359B8D62B9,1321290987440710000000
0x3B0AfB0bd7fc22D421FD6cE124A802a88228EcdB,22048394711727700000
0x3B59ff27F2A913ec041265d6e0284d0A8CF044d9,2172809188066730000000
0x3B82B31bBE0DC3fE0f13D17f9a4d0455eF562e06,34898083483672500000000
0x3Bcd01c2448EFfFF9c0554Cd5f971Ec29A41e26c,569472117275405000000
0x3bE3b5CC353975DE22D9cb4d9E36866792708671,2141715607795770000000
0x3c4d795C7E77ff7c391b9f3ed42776ea2EE2B8e2,3875988352760260000000
0x3C85813263BAdE9eCE7191926133b59B7ae527D4,4119389974539510000000
0x3cB3D47bE9DF732E1713A9f30EFeB2E162B6F3f6,8428217703240900000000
0x3D6991085Ab1ae3926cB96f25684C40a364B6856,2757325521561710000000
0x3D88E984b1deC0187DEEad28180Ab53969858081,2141715607795770000000
0x3DbA8332729cB351a15d9bCEB4d48549362694ff,2111030629953170000000
0x3E3AAC0Cb9038253Ae6b76e73b36BA4403AB1754,2847648519788750000000
0x3E3BF77705CA28391E46e107e739D6b0347A8c5A,2818490703839110000000
0x3e763998E3c70B15347D68dC93a9CA021385675d,524156678606054000000
0x3E9F7ac31aC3bdBf331B7B0957d78E3b00A79b88,167209048886407000000000
0x3eDA32996A6AFc710807628CF51a7994C23FD8E1,103800699429086000000
0x3F379032720B9F225e1E81F401bff1b0f394A716,22900121148242900000000
0x3f4afdFE9F8e59f6478e2AF820CCa784091e23c1,367851966629276000000
0x3f6F17a0dc4C4b91f379EF39709eE4C45A826652,2141715607795770000000
0x3fd96fE7295510937C4023eBB4b40cC3CEd7537b,105289764528068000000
0x4010049fbB3DfD1317C3fc2eB2a8b4Eb1Bb03450,50579026206047600000000
0x40b4f2F7c39b7E23d80E4B32DB676557b9756371,1976050438047580000000
0x410CF15638AAAe725B6b8b8685597759aD86421F,3880644896911790000000
0x410f2959ee9C8115cA6CF0f817B14373b63B5d4c,38962311616372300000000
0x4127143a866Bf5D8AD2AFb6de8e63164B8Ad5bF6,62704502200551700000000
0x415BE58b62Ed85Ea515137ac6AAF03702E7e4040,367355978764973000000000
0x41710de88932676df32dbb60f135F1228072415e,188314528170025000000000
0x417fEA5F99E22512E2bD5ec9D7A1AFE57838E799,2272474401350990000000
0x41Aa7d375914ea1cB5A855642FC1924fd7e4Ea17,45625526657068900000
0x420D0D6F47742C28195694351db8DbcC8D445939,6621643421562680000000
0x422a4B459f9d9a62930f3998afD794188a011844,13864691187492300000000
0x423620fA7C56260D02420C9927872D022f5b8F2F,9272519280874770000
0x4236CAD967f018f4d87FD9C9aa0Fb56E4F6fE9c2,1174889159978840000000
0x424627D49C95a51BA1d232968049022027bdc300,435512695415609000000000
0x425A415B1f6574609E303184b0E5d07D8336621f,3714866176157180000000
0x42726b0570174227679521E48cDDf454357C8553,2141715607795770000000
0x42a1ef5FfDaf134EB958814E443Db9c244375C8f,1208711299828280000000000
0x42AC93Ba8806a7DC083f110D591f40a7bec66350,161504940878721000000
0x431b5DDB0AcE97eBC3d936403ea25831BaD832B6,29156863820044600000000
0x431BEe5e6CEE580429515570930b9306fd85a303,741987670225109000000
0x43A5DE74E350Ff0B746639B5d4e6C150716401e7,8442508143514440000000
0x43E1C94E6a47B985c8EB1f8BFB59D0aabf6F4782,7228497790673030000000
0x4432e64624F4c64633466655de3D5132ad407343,53664627477202900000000
0x44c630a1fCC2817E048cC1101050a18F919Cd099,16341469534410700000000
0x4533E03d983Fae04741131C5f7cB35F1b32A1ACD,11863571855468700000000
0x45655b9FE67bB725CE43d12b50825aA9Cc87032e,272915994324510000000
0x456f6e34aC23EbF3478F3AdE23c7F633C81bD461,1230589479695470000000
0x46aB18DAE684109B05DF83a9fae5Fc1FDc2D505e,64270077241384100000000
0x46cfcA98622bb57f234a9385EA5eC778C1A8f85E,2141715607795770000000
0x473A87C5614bAa98FC0003342d59C953C56B0c33,206290407663467000000
0x4748eFf93fC1d2Cc36b9952d96A1715D289f861D,969800442676122000
0x4751917E24eED8286894De9f5302Df8DaF510AcC,17669563225756300000000
0x47628677D8Aa6f5E11e37779576852e0209D6aE7,76109636901329200000000
0x47d312c7604b1751f691011AeD4cE32231Bff4d1,5568946077437320000000
0x47F09249987Bb983B37636727657492b81e22862,68400122199702800000
0x4815Ee939fE2efeC2f7bc415f0cE2282f6417fe9,14785113522979700000000
0x4867664BaAFE5926B3cA338e96c88fB5a5FeAb30,5105346750436240000
0x487DF73090dBf7E94703AeF66A7Bf20B831Ae55f,2141715607795770000000
0x48c7e0db3DAd3FE4Eb0513b86fe5C38ebB4E0F91,4641982005907350000000
0x48Fb55eD1Fb62ED26274fb805f6444bEa97c1F28,823669908736567000000
0x4903796Ee31856C05afeCc84913de84871E633ec,3295539711241620000000
0x4928a120fA7a380259FbFC6bA131C545311F9D00,78487692148240300000000
0x496Fc41e88e8B40812c426691eE23FAA1B3cb910,132721839054314000000000
0x497C36D937d719B707f30Df81f7D9F2F11Cd5d49,338970182170718000000
0x49a3Aab8EBe80725646937b9E9f6f8b4e9867bfe,2261388029449030000000
0x49a5492FDFe5AcC966dD5f41310dfDfe8dAA349C,15757026139635700000000
0x49BaF6a02D9597ED42dDcF5566eF7d0c504A43E5,161551966384494000000
0x4a1E305220C510b4163c11602c68804fCE99B4e5,2141715607795770000000
0x4A219402d71BF58114F1b699654aCF388E2dA672,2141715607795770000000
0x4A903630f276DB00911116e307cd287aeD7DD46C,190408860077509000000
0x4af4134Abe88d5dd9c1E7EaF550627623b331fbf,19947846497368100000000
0x4b08d2f583C119902ef5599BC30396F83865Fec8,121247787925015000000
0x4b0A238A01ec57524e3cf423c7c552C1A0B72090,1586648973435240000000
0x4B1F140a82cF40A955D1e8cA2aA52E128b593722,2363958968409870000000
0x4b4b0B8a1D0f554908da4ee35985B4f437202cBE,846265253161383000
0x4B648a749e08aF5C50a2EB294054b2660EE7ED8c,555226435734816000000
0x4b7292679D439CCd83B972A5fF848b47391AFfCA,2669050133760530000000
0x4b8B235c511f0c830264c7761520b1F9AD441716,4918627517233970000000
0x4BceE821365df25bb7425C5c8782d6CfBBFA11Db,2141715607795770000000
0x4c11F940E2D09eF9D5000668c1C9410f0AaF0833,2141715607795770000000
0x4c1E5AdE69390F2004499Ad497164B7F8754509b,100649106002862000000
0x4c264b60C65648c838b0505D62D53bcbbcE50383,4076467121905590000000
0x4c29d2bb75b13B89f826c04055d49a0774391A57,2842986032886990000000
0x4c2F8b13561389c10201c0179084f699697aA71d,22681985442251900000000
0x4cc07a844f4329FffAce9AC34dBC53e5CA1f5eE1,2141715607795770000000
0x4cDd6Ca7dA844AAA5bE3c7BD5b9CbD213c77F6c3,14695152116204900000000
0x4CE268F49EF0726d602a8b0f22FcC543aa23bb51,2777604105512740000000
0x4d071b49C73328563D5BDC54279D57D2d183C504,419765764791116000000
0x4D26f0e78C154f8FDA7AcF6646246Fa135507017,282168918999272000000
0x4d7d0C4d5E90Db4e37deC087a77054b86E12b0de,12587084880010500000000
0x4Da8a503dcBa8Da055EB372831286fEeafBbF9D8,2141715607795770000000
0x4dAf8ce9D729ca4F121381ec4B22123627C1C004,336418053134078000000000
0x4Def0a0b7D1DbFb7973FcDbD6c9dE6a46425Cec8,29191601423658800000
0x4E28e714bFC5A292751CB5dcd68C2D66AEf3C7B7,2456899122441890000
0x4e5d92608bc266cD309B3B162b99EEaD3fBEd7C2,1167675898265880000000
0x4eAF85286bA18891D6D29f505d27177a13D0F13d,52281137559199700000000
0x4F1dd824aA61b5Cf0f863d0889B7c3a0cde64aC1,2545453565614650000000
0x4F2360f1FcA40A893a7d7cf5812f68FD448B99d8,18809451516126300000
0x4f555e32E41c6f646ca72A93130fD24be10A8016,95957583318012300000
0x4F5Fb61cB61De752303b6351672DC67292E4E886,2587096597941190000000
0x4F7A0c70E6446ec92D012DD80BC867BE46B27Dd3,2212421730120460000000
0x4f7af7dCB69A8b6603880e66219457cCDd17D7b3,2141715607795770000000
0x4f8382F3d38108128e98b621f7370179DD99E1b6,3011952699954310000000
0x4faB7063116b177BFc6643482fb7efd941dC321E,80437346170743600000
0x4Ff99787619274Cca67CEB06aA332Fd033221090,2495096258941610000000
0x4FfD0A59a26cB2Aa76D403215e4cC2845C053994,889124428078630000000
0x4FfDA342DB6366E564b28E98DCbc48890ae204Ac,3096539159123890000000
0x501Ad4CC3061c3121Cc3AE9338d144d634859629,4262354064252010000000
0x5082a9A2707621a83643F1D450FEe403ECF5f928,54699520861916700000000
0x50918796f92b8822b4E1eEBf73A460A48cf6254f,2141715607795770000000
0x51c29C37ff4bB2cB3541B0758eaC48382071B506,1321098996517050000000
0x51c444Af0ABEa20714d0137Ee777090bcFa8065f,7771581593080420000000
0x51Eb4b9b48236614C9534720473f4fde71934758,402910952467709000000000
0x51f059C07E03d330B007B48630a857E582BE8236,2636206863325240000000
0x523d0cd051E272856a2C925C08a5FBA8425c4944,3880644896911790000000
0x52548b90C58184fb14aA15322401C8fb56dE6dED,2141715607795770000000
0x5275817b74021E97c980E95EdE6bbAc0D0d6f3a2,2141715607795770000000
0x527EE703e0825aFfDeE5f241Be80085e41527103,11550894681003500000000
0x52E2a414c65Bd8ea41b6C5B5276eD9452ecaD088,4059938093579560000000
0x52F1F2957b7Ee88eE66B5b67cB765D6762304F30,4501945693551270000000
0x530595F09a6549cB9210dCF534990E5cdD644c3C,2197976849516410000000
0x532ffB08114bf840ac4E0B22aCeA7d0aDE1a18C6,98096982504807700000000
0x5382aa0cF1DDbe72C413aBf414E599129B8F7E7C,2141715607795770000000
0x53A1422218662814f8FE574BC2Cc88a2345b29C1,2584293890906880000
0x53d55D5410Fa37053c7e6882aF9c693d778db7Ce,58998399424729100000000
0x53FEBA757be2Be0F440CB6b5017314e89eb13bC2,9099626379096050000
0x540D1CC67d61C54B6830c853d5FB79f43543eaaa,1293548298970600000000
0x54262238eDA4E038589aC12c8cA99f2A6262730F,5394205053774590000000
0x5487eEA461f5958619734F66314761dc9cb80a2F,102556959473718000000
0x54F2A20e81f826De41a3Eba33c5A1A839B0CD5Eb,6102195948844630000000
0x54Fc77A98aCB26E98dba4CE18240d0474C16980B,31957400083520700000000
0x54Fe641870fb4f06C944Faf4Df73453dc43248ac,1339891099529210000000
0x55534237e92506F5b19711B3B51C490141656834,2141715607795770000000
0x5599a8d25bDd1c36777322Af5BE0ac0d84B6A6FC,6566125607543060000000
0x564d5AEEb2CdE5Ecd16dA4C0398C3937441359b4,4431518045682880000
0x565a7a06827D9cF218A7350209f9115b2056dA79,3229264669939720000000
0x56b721068930f62548Dd2f6186DA47F8034A733A,379443563382817000000000
0x56c3Fb14F334224AfDC66959929AC9a88e9Ab2c4,1315230461980910000000
0x56e08bABb8bf928bD8571D2a2a78235ae57AE5Bd,1284540268211380000000
0x56fd682E6fB607783D4b5dA469fc850DaAfe1Db1,19909982518184200000
0x571Bb001Eb860bc4Db352412DA346eB19b1f7560,64952063593695000000
0x5738Ecb652e12c4AC148A7394bea7af18F4b0DDB,1151606841914440000000
0x574B4546Cb756A8d36EDF5907f4Cc963A3CAb612,699927303024707000000
0x574C6eD03833e957dBD13257E27d29a00bb08C61,116732979300357000000
0x57556474fFb27CcEE2ABccb5c8ae65EE499289f1,115818912889548000000
0x577BE3eD9A71E1c355f519BBDF5f09Ba2018b1Cc,1225178444707190000000
0x5786Ec177Be57110cec0cD1b742BDacD6e1fb42e,2141715607795770000000
0x57b3c68cAf0Ebea2d9173bDB013655fD8Da31AA4,53088912581402200000000
0x580B92695c3E0F84B9F15f8337F0C3A8fc067762,3365605625552470000000
0x581598B4323b57F4E95a4318C968741EEFC14efC,261026347195277000000
0x58194915B97be83f94baDa681454bF9000DF1326,20916750673523000000000
0x58822f0ed6C25f7727e2e3665a9703e5fe33dCe7,36765036219847500000
0x588d988D2C01b5AC3E00044F5Ca4AfD97E6cA9c3,39796597095572200000000
0x58928B47a7a89571bB3aeCF435d9147CBd98F073,2141715607795770000000
0x58A436927278D9c8aE046463Bf50E1442Bfe24cD,121804830381825000000000
0x58A9328DEfb5334dDdD965a5cbA58328e32dAC94,2141715607795770000000
0x58C4f03a954e4CbB1b8E204a881a8e9A99d015Dd,10605347165983000000000
0x58f1101f3632f1D0544197351FbdEd673f4b43F1,2691609471817820000000
0x593FAabb0AA17329fB1b948c1E7e39831fa76da6,158026872867018000000000
0x595fFA9e9392a69cDF538533D2EdCA2599B9F490,65759537068229600000
0x599A814Bc99efb9E08c4161C7D2fc4EDCC2E34c9,2649316937869390000000
0x59AA8Cf0dC4221Fae4e40a78f1F93636277C69b3,16191638176841900000000
0x5A0e36c7Cb3fa8C7CcF485ca0Ca9EdBa3D91aB46,2141715607795770000000
0x5a9F51F622Ef4e502088968ED28bbeD507aFe4ba,31803104514784500000
0x5b2Aa5C7A22DA072F0bbbF33eea4eDccA8F8D385,1028257780915210000
0x5B9EFFDCBD65946F2B143725Dc244563248AA4Ee,7511164405059080000000
0x5bb35d290ecc0f00A8C84b03E66D974b01D64AfB,82287327861461400000000
0x5Be66f4095f89BD18aBE4aE9d2acD5021EC433Bc,6918044961136180000000
0x5Be9631FBAd536F0e38Bf456517C8d249990e2F4,2141715607795770000000
0x5C22de35c3C511aE4b516945be5bCa678CC1635D,145774694539597000000
0x5c25e6bc8A2842fd56Ac2baC10f6DFdCE08510A6,29537387218620800000
0x5C5bb26835287B1D7B0FdB5E0C7eA890c509f851,3670407096511380000000
0x5C8614fb5a9CD4895D216C12358Bd6a47De6E72C,307011956664179000000
0x5C8Bd276dfACE1008646D8E48149Db72f4b15739,1697918047700480000000
0x5caa076675c76346B4F116E8618d05105F47304b,2141715607795770000000
0x5cBB805a48eA285C0824CBa4C3163D1AB062f0e6,6784873213313460000000
0x5cD44c624628BdaA4347d7DE3abbE93d6507BAE2,54699520861916700000000
0x5d0477Cc92982f3f6e9FEe69331469CDFeA7a07c,4562109831445460000000
0x5d1289739c57603e62F47B8C8dCc0f5791AAcf79,14785429404274100000000
0x5D5978fD695F6c88e6c6B725f539f48C6CB03D26,16611659435834800000000
0x5d8d5184B35F0569B79d7E169be0aeee21A3C078,185883476965422000000
0x5Db8EFF3Bd353f7F676f3444d4dA359c97F554F5,358247144196330000000000
0x5De0D282A5BA9D2E0BB8d4D9647804287e0a6484,1643318348431550000000
0x5E0B7C6A4F59fBc984F9Fc746b41740c63a5eF61,16552220378994400000
0x5E3E2f1578b6a43cAf523590b19f64e2e42538f0,24016857371272200000000
0x5e5a47069dD0C8C78428Be27E180acbA37e8e622,28421867387605500000000
0x5E6238E1B7A367c456fe1C83ea21323095FF7E68,1975938369581550000000
0x5e8e79f1D05dFf8bfb9ab83Fb9eA0C66150e75f5,2141715607795770000000
0x5E947d0478D60bACdB0EB0126f5D564f924eEF6b,2141715607795770000000
0x5f08349808B45632e06bCE477914bc880f29E542,138006506238541000000000
0x5f4f120D8435ea38F0F4635A910fEe03801BE88d,187691503301954000000000
0x5f8910247Ae0C304073859B3c8dc44f24331FDa1,4100168821892940000000
0x5fAf276f6E3e0b10213f8A04BD6C872f8752949B,6794057390670860000000
0x5FB8d08Cd91a8a8E90Ef8C1d4D739E2a2a79ba53,3824967975426790000000
0x5fC048D6C3f5687FFFC9f12804C6fC3B774293bF,2577994013635350000000
0x5fD2e2966D0AeCef60197C2Cb2Eac76D52339F9b,30560275644027800000000
0x5fD4a9c4143AAa37FF62FA14B5877207e95400D5,91833429374482000000
0x603bb7EaF58d36409220Bda0C4e589CA825ECa3D,2526360234749910000000
0x605088609f9AC2F1F4571C4Ed57a9318dd381F0a,1444533803358280000000
0x605959Ed62f5C80b9F9D964f835827dB6adb15DA,10128359169429900000000
0x606Aaa3383A3b97307B0959F271Be216a4328932,2141715607795770000000
0x60a5b71677d690022F0c0D69069382B9b1c4D849,285239768725581000000000
0x6130aCbDa5763c581365EAB9784d5Cb6B2a4B2Ba,2141715607795770000000
0x61578103b8557c249CC38C5AF685BbAcA7DAF0f1,2141715607795770000000
0x6157C5D78ce4C0855466e650b518Fb2A39C23b9B,77358902873800200000
0x61bA26e8faED97D8d214ceC8e17F79eFdB234757,100072059012224000000
0x61BE4048c631954a8adB3A7088b17ED8D9C2A33A,2141715607795770000000
0x61D4AC515b82D1Ec2f021E63B17519683Ac1cAbD,2141715607795770000000
0x620d7E459cfFcdC56a874536dC19147De801a4A1,7171989342380890000000
0x623607Bdf98e37163f93171C0b0D359880d1E1D0,13866452492777300000000
0x62C9632c81314564efEb8A821B6d3505932596b7,6102757893377570000000
0x62d76Bf057B4d5fe2509b6e95318057DBd6B4c27,30312834617902700000000
0x62de84e817A9f328605122aCb88A6449100680F2,202252464190449000000
0x62E1af3e818aFc059D111C4F53CF0a2D9Fd29110,2141715607795770000000
0x6300BBCe3090fD737277365BD9D38aa650d2AaC6,3557576451284560000000
0x63434171232edD7f2752bC2aC2d94438D68fEc3D,2141715607795770000000
0x636F331DAEA0C0aF7d3b22F5F059D550bdE8F3cA,853626850906688000000
0x63A784430c9e2cB71249F5B154fAb4092Da52ff9,190286135947982000000
0x63f7d95C068A042B166c6DA23430A157FF35a233,185397442699393000000
0x6422378AAc081f2aD01673A0C6B083e2F7ac74A0,1435638470622930000000
0x644f33e837AA372568fF11aFfFeFF72acef7189b,2305197381593240000000
0x6450B1Ba2C6b1aFcE7750bECE579A55594269a29,367734101220993000000
0x64562d247A59Fd77714925b1a93CbDA93Cb4D60d,2141715607795770000000
0x649f69CCd077Da03dFb11f4b1daAb4B625f5E9A3,1503135361548410000000
0x64A8e470499E7F17E4A8566195392956ee067479,2141715607795770000000
0x64eCc4f8fF76E58d7C2245f34d32B039ebF42bDf,885581975779866000000
0x6506D9A2BD8eFe989781d3086758216d0fD0934A,4694926096081420000000
0x65432138ae74065Aeb3Bd71aEaC887CCAE0E32a4,1977768628963310000000
0x655ca2e2BA79fFA04B6a44e7CDa9A3aB0a12a62F,10348386391764800000000
0x6565849BE74c2Bd50F62111f12e767007ce6395b,87282039838272400000
0x656A41EeBec46A6f3709783c8C93c2E522d2AfEB,1293548298970600000000
0x65b2689f54618359ecf7455D14fafbFCc180a47A,3975105643185180000000
0x65dA0970b9A0153DB222056b50A84a46d8cf40B5,281817496816641000000000
0x65dC736b4a733C503C957d7985b81Bd06bB5Ce9d,3532240378147070000000
0x65dDA92080978d9653646c90D6FC63f7828F00Dd,1293548298970600000000
0x664fe2accb8096bD612639EB1e05A81121A9eA9a,11162091844098800000000
0x665e9bcE744c37fF056787d4521a73bafa882DbD,9422133951876500000000
0x6665E62eF6F6Db29D5F8191fBAC472222C2cc80F,49550241818974500000000
0x6680E5C6a64046419Cc4853A0B07598dEB7B24Ce,4093540809382980000000
0x66829cC57540959A3A698C0694Cde4B96C19E99E,2141715607795770000000
0x668C52943F3A48546D531170751Cc3393bFf22a4,1769060214251200000000
0x672F5d47f9A0257f42Ef49fF4f9A760Af9Cc41C9,5071094460646660000000
0x6887b5852847dD89d4C86dFAefaB5B0B236DCD8a,3880644896911790000000
0x68ACb2051b73C2342be78Cd1a7E5Ca44483D10c5,42006090783770200000000
0x69b235c1c3F16F828B2394193A7AbEA79EE40C07,455481470220091000000
0x69b2A220d1d0948d34Da622051be636DDeDD17c9,2141715607795770000000
0x69CeaA0349B804597F51E0F83304d745fB9bBe47,41373941625789900000
0x6a5334E6c9352C1b5735969DD439e41BCF9b4dA4,4017746000415280000000
0x6A5Cc8750a823572f2d223D688189f62a0dCF43F,26544013890650300000000
0x6A683CC8f91D3CC21AFC570d3f4a1b1d7eE8d47c,487855203269925000000
0x6A76397Fd1F15E22d1652C90f0B5eC8f5655E08a,206254054781034000000
0x6a776Cea552045E0f99a854F1D7B35284E4f122f,714675556105541000000
0x6A780D78aA8B31a261dAED9455930623d26f52E5,8595433652644470000
0x6A7E1521bfF15DA1d599E800c7a9960C777213EF,188958051801556000000
0x6AE5EB0fBF06Fc1a92BB877a8C47E89C68e070D0,2446124065908380000000
0x6AEdF6705aF70717c012A066d30f4851573371b4,3573005581076870000000
0x6aef48eA854Bc0e805232ceCbab2fab592037c19,11305416103480800000000
0x6aF6eE250efC6C82423Ff4b37e7272C6E91D19cc,40555134467187400000
0x6b0D6cc0cEaD887b5Ee131A4180219F2751536BF,3295045959009260000000
0x6b821bD540EF180Ab6e8219af224f9ba52045471,590301634661405000000
0x6BbB358Cee3AB1352D5F0AAd374319D70a822689,69339152997194000000
0x6C7116d0b65dC3de4aD07137D10C7B02aDf91389,8214123813547780000000
0x6c76EDcD9B067F6867aea819b0B4103fF93779Fd,94765847411975300000000
0x6c9D5cCBDb7a435B9C17f629ceF58BBbf3620448,161991548791952000000
0x6Ca579092fE1cc2b5ff68c849987b40Ce48DA687,75737552459050100000000
0x6cbd743d9b97DA1855E64893D3226F8eDCa16e76,3651129638692940000000
0x6CD5305c1bE12533Eb4dFCE3179407DdF0D74B6e,195438719538758000000
0x6cfaaD06016E3C42072aD5AF4c83Ae5902904E0d,326990893384257000000
0x6D0Cc2AD2EEC7044df589523718F14338518CE7a,105378039631681000000
0x6d1C726967741db373Ca16fb9468ff0B13BF2dE5,467658562025164000000
0x6D1E0084a6910a8803ab7c22483A1a2Db3F1001a,8061817253669780000000
0x6d57d70947fA51fF14325Bdba75A884d14030b88,2970041399316290000000
0x6dE0Dd2f123C6709B5db14EF8E0AA1F872a40906,511126013652024000000
0x6DfCB6ba3b0b9B17c8956B340Ad19E5b3b8Fe9Ac,1821367602583220000000
0x6e466F91622EDeA8F1B6F5537Daf07D5a4164169,9039132472329490000000
0x6e5B935Ac926E11DeC812eb0A5425ec5e4c96355,26544013890650300000000
0x6e74053a3798e0fC9a9775F7995316b27f21c4D2,31021795934690000000000
0x6E81417b312917305d12F76Fa3B6bd66FfAA75e7,4767994484649680000000
0x6eA29161E3D69DF4A2386D07c87FF3E91C19e0d7,11656477721272300000000
0x6eb51AF850C21DC02D996599F3342fFF22356ef7,199933143349777000000
0x6ee52c85ca5E2A54b94cAd8775dD4E7726bcBe10,71447651242203600000
0x6ef72D721ED61d0e26942E315FaF8425e6d66fF9,470468882980562000000
0x6Efee96287B5e1a2Ef966E25baE15a54BDE9b83E,7311887805309380000000
0x6F47aa396215ab22647dDB3E86b4663DFe11dB14,297093701648159000000
0x6F5178ac2Bc909607f8C15bf5f7593c29e39aC9a,2141715607795770000000
0x6F679511ae1D42BD4de72F4270024ECC0B5fB5c5,12800168902630400000000
0x6F9846a7F0Bd43E0778FC8033Ac20ddDdB456fE4,2141715607795770000000
0x6Fb2630963120D4e856EFFd1412603Dcf6E74bD3,371555944240561000000
0x6fb5421989807f828926b03E44A5Ce61D6906EE3,8728502901837490000000
0x6fBfdba3BCBf9FA6ee165C72714ed814A0950a70,7499650485547170000000
0x6fCa317b94259B426C8a43E27b7292A995C80e85,2141715607795770000000
0x7074E5B0Ba41CD5c0454e23d481b7Fe42CeD025b,196611522933935000000
0x708f3b6da7Ba992fC8AC57388D02725024e67387,3719569813110970000000
0x70a99c4127620129D0CA30827E0FC9B75eC2891b,2261388029449030000000
0x70bf12D17A84C6AdCB3b80a22613c497fd88526f,7695713178437440000000
0x70bf92eC7cbA18366178384dCf79d1fD91DeeD33,4267724771082630000
0x7145a8E87C874c6259D04b1d5B97cCC7db2195bA,10441204749714300000000
0x714B56288bD692C6ad50911d26C737D2CA6EdFEc,2141715607795770000000
0x71e1f68775c78A7311F81D57d041a4DA41563990,2141715607795770000000
0x720Dbec7434741eA59D0365739A0Cf77aD31Ece3,96699488135615500000000
0x722E0c7cEb06E05005220eDE5E0210af282eF5b2,492377285755384000000
0x723549B747429dAD1016dD8EBaf800580dA5ad0C,403222644036721000000
0x726e0Be8eBD9206C3BB4b3Cba9BE7fd669d56Ca4,2587096597941190000000
0x728152b817e35A1d1E3D14fDa3E018BC0AB98E68,668280098370544000000
0x72E9a8D8506AeD0E406E5A4d8BcF80CEadac754b,9571236972943480000000
0x7372c0470c5767A9e27C062a5806cdC0D95CDA80,971444267380352000000000
0x737D1bE798Efa2278FB46807b2ea3ec36397f5da,1327651956948140000000
0x73A7d52986187Cb399E2c8cE2c764a9ED47f5ADa,104259954217579000000
0x73Ea5b1AB2F4a36556B0A57381ed0101643615f3,2141715607795770000000
0x741b5647D826D65759c7dDE40eF0C7371041e807,2141715607795770000000
0x747EFCBE90243Caa7A21b15143F716743ac252FC,246166825959976000000000
0x748b5224382dFa211960d277c967deAd2eE6f1DD,2280775837426990000000
0x7511ec0e7a8e2E0e826F28C1Bc72befD84EA3e21,4901702652725720000000
0x75239B3b485643a55C2C19DC98C191263Acb5A91,1782340749400440000000
0x75697d4802423fdAb397ABB3F5dE74cb311B3A6d,1420393130156680000000
0x75775181080b3684Cc3be770ba070D1ECc1ec50D,9960745143719330000000
0x7582d0b7A150F6227B447a0F282BFF612F0F4b3E,2141715607795770000000
0x758a60e064B7B606eCE9e8E70c75C83b11BB8e79,147787669930138000000000
0x7630579d1AB03E227103e3E2Ef71cb4dbc6e0801,4668108331694090000
0x765c90E74F9EC663b8fd72534487DebbE19a8C21,47683192204874000000000
0x7707b5C553f25F96754C7DD036bC656B0c395837,1308202713869880000000
0x771388495F34d21C5574FeFc04cd1D5811E00aDa,2811784550599170000
0x773ac558e2A107Dca36ff48665A546aDaAc4E89E,2141715607795770000000
0x7759D0dbeAB2270Bea6F35679344d4D67B10cCE9,4795460162539850000000
0x777538E9e6FB692420Ecd63ADD56Ae2e34227e94,84080639433088800000000
0x7798Ba9512B5A684C12e31518923Ea4221A41Fb9,4968498283003060000000
0x77b60DF0908Ab3B53C4a10a12cdaEaE68b48110f,3797646530018490000
0x77C61e691945770612774f65d22ae984FCa556fE,2106035728048300000000
0x77Dde898Cbe7B37E0E851F8963c4914E64dF551e,18199252758192100
0x77FE051EC66db6C444386918600116b047B664E5,9379887001176500000000
0x781256B663bB3557540c5CaEEcddA5153D7ED8FC,6738669916254980000000
0x781FeA3353D6EFbBABC9FaC0b4725EFF3C77dBA7,2141715607795770000000
0x78205e4b27E6065dD24c900431b5329584d54a34,3202722699191290000000
0x784Cf4b62655486B405Eb76731885CC9ed56f42f,16773330130841200000000
0x785c08637b6F10B1c2DEf2ce869d8879BB000ec4,15387468206733400000
0x788842eD8F4A592706bFA07Af773edFFE12175cE,16127841486747700000000
0x78AaaCd130134A15a42a3791043f0040c733389b,3200308343316930000000
0x78AACB90f186bF118BfC0D8C64896f970221C5D3,124160538626134000000
0x78C756a81751DA756D56197e9FD04419d8A1e1B4,44897556551554700000
0x78Daf824546794703B57939CcF7397f55377E99e,442869716188502000000
0x794783dcFCac8c1944727057A3208d8F8bB91506,2141715607795770000000
0x798ed654F4D9599B99f94F4A61609b7A7cFBD200,32701260892479800000000
0x79939118Ef2af99E20310eCC5CCC0E9697d390FC,2968242955053170000000
0x79b6cED46AD1eae8F712CA4eFC565179844Db8dF,13255987577725300000
0x79BdF268d113818972ca62370d1e58896829614c,492041176273801000000
0x7a385430cfbfA0550d43Ed6532Def1ca88F5d6D3,1443861835125440000000
0x7A7253B622fA043626EDa1558Bc062fc17667F39,2013017000578640000000
0x7A921b0365B4571beE00ba5A1DbB422B11f13F9e,1853976232958210000000
0x7abcBfB986bfcA6714C49f46Dc108f55f453600f,2343433708909450000000
0x7acEa3fc5241188d170D004FeF4A43D14bAE54F0,252437436976569000000000
0x7aD760d9402Df0f78786cA0b323a911Cb1b6ee41,3893031446890550000000
0x7b07A4C84ef8df7c7086A87381B482fd33D3D054,2141715607795770000000
0x7B083271dF172787D2342280Efa5B92da7694fD3,61548659831268600000000
0x7b0B9D62e5307341224522e3240e93f8D48C8448,1211515465712660000000
0x7b2aEF922CaCE6Ed4b0bA971aAE24B6876518AA8,2118684137994340000000
0x7B54320254106DAFE5A951485f6519611B90eC98,2141715607795770000000
0x7b7aA48D192c31894B1CaDACD6338DBEB2EA6259,239693258446724000000
0x7B95B5fBc59f452F896DAeCB5be7c032637C4EF9,185506478404970000000
0x7ba3265C01F1D9c9f0085780A110083adF8700aF,219004409114439000000
0x7bea09c7ac144a37ad26F34C5A444fFA7dED518A,30637832380674700000000
0x7c318bfBe63833E7a291e130337652C94C6EE464,522439727636324000000
0x7C5A7328BA50F57689Dd8C6210cda54DF337a471,234976270722059000000000
0x7c6E60f101C47511EB3fEf90116668F7a549B9EC,2141715607795770000000
0x7d0A940d81cE63cE716a1e3CD7372F78F79d2414,2680513598301710000000
0x7D374fe73fD8358a93c53e978477F7Ba4129BE0C,13528497447792500000000
0x7d7Ca27a075506773B5EE00e087F3D8C36e7E873,2154652429868080000000
0x7De865445430E07ABf6De592857657B39a45E229,2057593066139350000000
0x7E6949e70627f746F87577BBbb3BB03f89C23B4f,1814444745425700000000
0x7E7D1Ce9ee92B847C4c1410a51A05EDF0b4cB6C3,2141715607795770000000
0x7e9035c91Ae2d6Fd9B6F3838Bea8716a4b51b3C9,1743653869617860000000
0x7E960c15341D14C6C5ebeC46f0A3AD387a0b760e,170558767723903000000
0x7E9C187B0369C5d3e9E1ECA56999B45a7C7aC062,96980044267612200000
0x7eB1821aC65c5387E82eF2e26eAE7c49E7Ba0F19,2986516074546710000000
0x7ec3AC809984F54aeaaba3Bce2C3a76Cdae3B064,1293548298970600000000
0x7Ec4A166b471214FC3e9BD70D97687F0c8304d2f,1540151030023330000000
0x7ee4E555C4712C415739D062cf84Ac0572342780,24246448543761600000
0x7F0eF131bf040Bbf6A104D24D513eB9f6b0081E7,2141715607795770000000
0x7f39f27FBA98062C30ebC12a637065846678785F,66372839580783600000000
0x7F9C99d68eA60c59b6b852AE4cC58015da13160F,346292797731693000000
0x8052959d4055C94A484B69979c95fa5EE114d2F7,134835745360909000000
0x80570a7A9500339EE0d441D079a46F3f86A08c82,2141715607795770000000
0x806EA832aE8703cf703A8792268C8141d182158c,2459622983529230000000
0x80F0AAAF849D822526E80518B7D6FAC570638e49,2141715607795770000000
0x815612815D7fB01B1E8a97fe4A0996e77245A3Aa,2141715607795770000000
0x817f7dfA61c414cc1E9DCF7D328a2C7529A0fa03,131801769098513000000
0x8199117a9580A98e40b732b735fc42753422f981,2780208846877100000000
0x81B84FBB90D466862b6eec4aD15520f318DB029B,28777312854920100000
0x82210FbEd5336cb60Bc23e27703713a2D10136Cf,494468256347740000000
0x825572cD7ff73E81A2f28F05a430637Cd9abd4de,2141715607795770000000
0x82A1A2a9401C21d2Fe5B595910165baA54a8fF2F,559805006996360000000
0x82A5329566422efE7a5104805620fEE3d427B226,1293548298970600000000
0x82D1883ca96e57773429E785F195E32783B1C246,1470025167090900000000
0x82dcb7FD10C14F4F284E402810C0D9909C809af2,56076675780257100000000
0x82e87a258706f1e6838fF3b0212B66EB2562A8fc,16822689619300100000000
0x82E8936b187d83FD6eb2B7Dab5B19556e9DEFF1C,2141715607795770000000
0x83090029C7F7C50B2c365648161C2F9C36bc58BD,15838844776495500000000
0x8310D0Ea5DA5A94e0ADec01F9Ba5C0d6D81E7359,37477444076945600000000
0x8358D058614edC4d6F484Df46060cAbEC4591576,36211371018022000000000
0x83836FD0e1051086b959eA930Ad38EBd047b1a19,2141715607795770000000
0x83Ac69EB7510D3aFf317791890741CDefE7e6C0b,618774593726959000
0x83B23f80EC517Cfe115c75dce0a8b5Ec0E25d845,1401324292682690000000
0x83F41b75aCa71d2bC9d3BEc5E2f028653c57588e,26834798188146500000
0x83FaD94eAa0FA69df6A9F13f7c3577Be6180b3BB,8674682451851250000000
0x83fE012cd7ed1864B8536096c703f107a62B8f76,67886030984749900000
0x842B1275c0709bC1cC0C6a91436fD41D7539Adb5,12748916703471600000000
0x8441649Fe427891e7502b0d18E9F35cC321083F6,28237560911935700000000
0x844A4c7A0E1BCA48eb0554bcc7A18B6a9f5a4f5B,2141715607795770000000
0x846B8221B2b01B1070278279471E2202d496Ad33,5863917763926280000000
0x846c1b630a6e6d544A70775e4254F0bb1a805621,762190956513120000000
0x84b17C19424a487303630eE15659A8828Ff07DFc,2302351580976340000000
0x852DCC7CBcD6d53b4D0ea637D05d1EAc6278AB7a,2141715607795770000000
0x85648C5566730068034a822A218B3d07Da84624E,2141715607795770000000
0x857b5901A5354ebA050C1E762b4942D2aDD40c6b,465469467721373000000
0x857D8F7Bf5aCF623147D322bba1A142b44fA076C,394395618983640000000
0x8605c7b18C75e05221653045690E1b01BDEE5CBA,1405016230867390000000000
0x8614d53c7307abE000eEA6daB78E07e3Ec2d0550,12183180234377700000
0x863E7aAded2B90a08802d362b7FBf228b65C5Bc9,4636144299231830000000
0x864DE5bbaf4b8c808E94a8385B95B0855d170137,808429006631597000000
0x8660406a6302Ae7C726cB4f3c24442b8BA49748b,1795026006825600000000
0x869191325254a82fBc858aB3cad9Bf91703Da353,4375495534167050000000
0x86Cb8C8401b6971fd043365397F3b65bf3eFB788,2141715607795770000000
0x86E3D8f8c1252600304047ADec71785C41671bC2,3011634300081820000000
0x87480657718C49f4BEf70BA4de49a3ac2a38AAD9,1293548298970600000000
0x8769FfaE2f834829E6986Ec1de6D4303d517BD15,32203577750695700000
0x87c3298BBF72ee60bdFf2E48dBd757199e970db8,169188222010757000000000
0x87d3627090a40DAC583DaF99991dA53457064e4F,911866963725401000000
0x87DCa7DD67e498Fc0329C44A3Ac096Ff49e7Aa78,2141715607795770000000
0x881475210E75b814D5b711090a064942b6f30605,1958176476403460000000
0x8832D07a813A17df7275E6B402efD514125605C7,2141715607795770000000
0x885a8Bd0AED00e5a042E7BB788fa56c9e0fee5a4,2337121188053210000000
0x8877c8405BB9c05273aF7262460202c32D9b8F19,104700301120097000000
0x887e8b6119B38C60cb03CAb204C0A704c6E0A473,1150446425524530000000
0x888Ca3F8063f08FE9CD678cbABBc850203900523,2141715607795770000000
0x88Ef9114EcC0F915AF7C5d5E525D73C6b2e001C5,111270231318925000000
0x897a7f6Af47881c62d7CA7e3Dc5BD8A1341Ad8ae,2141715607795770000000
0x89e05E469FA4a69642c0b986C971CDc058C2f3a9,7698283915666620000
0x89e648d36d3D67C4e9b70113308A968ACcbe7ee9,197999933234209000000
0x8A30Fe8DD7C1B8eE6fff8892731eD345b9E33B29,5509284899895210000000
0x8a50E4b278dcED01c6D7e1d8393484c09b274E75,88872465622476700000000
0x8a702Ec3948Fc97313D47F2A95dC516A30f93f81,4699496545787500000000
0x8a81D4d38DF772443234Bee5f0833c93236c6cF7,69266355991799900000
0x8Ad3d1c285edd3b18ff6576924fA6E8880D737a5,7862077190266860000
0x8b0473E5f2871d420b7891c01a45eF84eE2d523D,38339269713400600000000
0x8b2e83AD1375C3DEAdC7A155Df4C05243eBB5c9b,50336289015136200000
0x8B5176467107eb35B6374EF8eE899E7B930a4F3d,1800450557300210000000
0x8B6547ba2477DEd59B948F2ECF258689D2852436,48465644915982100000000
0x8b6680416dbFe39Ce2eda9189EAC0dfe72Cab92a,12112601784942900000000
0x8B79FB6306998814e3A36967bE53C2d852aad042,7620206149335850000000
0x8bfe553Ab794615B6009fbA5F077509A453DCBFd,164020765473107000000
0x8C1f48a0DB29aeaB0E0Ca7214C92cf6CCe877279,33557621783564200000000
0x8CB6943c6853999eDd223D4696a53c83147D9910,2141715607795770000000
0x8D07FccF762051Dc1C738D1b7ef573EdF1E62882,1389279213398410000000
0x8d452c1f4bAE385B13933c83EcFf70D74229915F,12110561997178300000000
0x8DcAC18996dC58b5eebfDC5D0A7b22E0B951A4b7,3947076723388940000000000
0x8dd7f771F959D1A9d9C06Be396Df1f102b8F797c,2587096597941190000000
0x8DE3c3891268502F77DB7E876d727257DEc0F852,359959436919818000000
0x8e1dFeb00c819B4D3b47cCBD97B248DC9F59cA8E,4287425848012650000000
0x8e3108b540f48758580146107D18004C0c1e84Ec,440256395135280000000
0x8EBD118444D8239505D66c8Cb6Ee36eee6aBED5e,1437283015885250000000
0x8F027841bE7dC4944016ccc887Ab84d3e23a6b42,14406345067967000000000
0x8f2ffa4Fe0a0cE367D9039E0e5d09fC3e76bAf95,3885933958872480000000
0x8f3aC00857376d891430840bA0BeBb6B1BcF20F2,11817811167070000000000
0x8f678841ebd0202Bc2E5c2d25B4170B5426abfa3,273119524223800000000000
0x8F8B4759dC93CA55bD6997DF719F20F581F10F5C,18691212607184900000000
0x8f9c3e0DF35Ee5f7919C3802A499C697514a6379,12721318602283200000000
0x8fCa38B661a4fd7cE6Fd4A3343e350c1caE7678d,1785989926059470000000
0x8fEE9d8bB738ceaD33eC53B6fC48e27AE3F245ba,16106338687647800000
0x9030D5C596d636eEFC8f0ad7b2788AE7E9ef3D46,9572871435780830000000
0x904BA3b57a3A896CF4438A18AcA227a1362eaF05,15607235423185800000
0x904DBC5Fdf2676F657C24903F307b276c992A404,5276435914665180000000
0x90554D3C00B5B34fa2849b76c17Bc874c90F9563,1293548298970600000000
0x90809D4d46c88fC1B0CE976CB4C6a9f704a47E52,78849986616650400000
0x90e607BD380F33DcCB09Ed2e96D5E6853AE3FE9d,1527180351311440000000
0x9132DA58c878b70F1c251d77117D249bC237248f,12639862470056400000000
0x9140D359f2855E6540609dd4A93773ED1f45f509,2658602641652170000000
0x9144EcD1387DCb218C9131fA11DFC70D213fedDc,177464239275985000000
0x915c0757e69d9E14aC0B5f653E1A410411Ba6ff6,5224849220973760000
0x91669a1BDB132C8103774A58410cF6934714DEa4,895133475401341000000
0x9170E8893Bb612063C48797Fe1f97382e9Ed223c,2141715607795770000000
0x91aC14C7d856a9B786e25b2d505EFcAf6B5cB180,492856252731342000000
0x9208a0c6D206B00AEAD7f447098671D50a89159e,2141715607795770000000
0x9213dc91b318F030EeAc9085871939C6C7C58089,2141715607795770000000
0x92231D9749CD83c21AC74e4d0267A8CEea97E4be,857223758875293000000
0x924caFec4F967BE5df085Ad94d8d50574F9a2BB0,361378667318428000000000
0x926eB5E50cb34E9836e7d93C645768CFB1e2B1Ce,2141715607795770000000
0x927d81b91c41D1961e3A7d24847b95484e60C626,57464381105811800000000
0x929EacC955200A875261Fe5FcF5eD6A53C2b4B74,2215070372340880000000
0x92C43859Db0F3E03EEa0f05529775F4612f5de33,1327534004425350000000
0x930A02451133C550b56ad7F9dd784644794fa3eF,1401342462569890000
0x9312F9B44Fddd1E8D96bF687C524E431dDED0f84,264636817267095000000
0x931d56d930fa3b0AD31094A57695B2F04b2B46Bf,256987419295838000000
0x93276cAe536091Aa90567C0850Fb96CD0C148424,10612849260720400000000
0x933f0f38A64D85b817C896bab6E16Ad9692BCE69,1991496424891060000000
0x9376CD921C608Adb895238a93580123c337BF1C2,742737289890036000000
0x941e1D74607Bb77a0838578715e7B9057E40327d,17545338316946600000000
0x942114d2222aF79422D11ddB0A96DdF2997feCb9,3684900337693300000000
0x943323BA3b6287b8260E37AE566149a440c07938,1051457639903430000
0x94535DE0Ee84f36343c539285183a98784f5257c,1335149929451780000000
0x946E051D96496E6C916a6e7a3282A25829f1638e,100562948267980000000000
0x947B545B2aBf42374bbA5b6f2Ca0249e987d6e0E,1681339309093970000000
0x94AE4d3666cD177896c52Be2aC2BB160f1092D8A,9883534102510420000000
0x94D36132722D772fE053ea13c57BbDBdF435C085,2757596275706640000000
0x951D6779Bb84ac96fca24C07Ca0fFC32Dc7ACcc0,2542674060147890000000
0x95350A353CC6B61a6f5eFd748577fA02ce9C31CB,1409088907860350000000
0x953c740Df004D14e1afDb8dAAa8D2E8BF98B3638,95224521425925900000
0x95b44cee2F64024C03b81DAc77cd84B91eCd93B1,589604126586355000000
0x95DfCB1B4A5323C7494F7f150856941a93d0Ee2a,3749046067465560000
0x95e1FE92C2155CE71dED3C5Dcd7826c024c2Ee79,1293548298970600000000
0x95ff003cE11608daB851bF3d021c7C304689E7f2,859685395317359000000
0x964245599b816295Fb68e6100B3729c61100bE48,64304150655780800000000
0x9652Ba3dADF1F498c8AAC39A197DF95A7605e337,5922762521870620000000
0x966D0c4485278A55113DC1F1E9e2044a3Cb50C33,24794922907784300000000
0x9691F1723498893F6AF224938af0DFCF90d465B4,473187294889289000000
0x96B089f540c8C1277CaDE989540fAEDbfC72aAdf,2141715607795770000000
0x96EDCEdC6973ce4DbE2b418B5D3c764c23cee77c,13110512198919500000000
0x96f235b899FE1F149C139394a6Cddb0666d2Ae33,26870764163759600000000
0x9709173Ed6F194a953a77204359DbFD0e88a54D0,778099601250166000000
0x970e467Bd9216f5FF20d2Db55F0ef46f35BF855C,705767021834446000000
0x9737209191b3549540e5Ea10629407956Cf60E58,18638538086395600000000
0x9741DD89FA0969aD0E2e26806C8Aaf334F9c7FA6,109471689433226000000000
0x977469bDe563c277Cd0e92326126413043F4baCF,2141715607795770000000
0x97D37E8B619cF4C6145da456766CA4FA157292D3,112644517139288000000000
0x97Db0E57b1C315a08cc889Ed405ADB100D7F137d,3088882923671750000000
0x97f61b4D01B6fA1ebc4f6307145029ebDd61184d,194677406749585000000
0x9875094945893d40979E2858B6cAf788dcCE3368,66360919526727300000000
0x98a0efc622cDc86B38484Ce6A6729606D26e500e,3541724560433530000000
0x98A38a9e3B430587cf7F0049741e189431191390,21405982058032000000000
0x98EC5a9996571219925CD82edBEA064D81FeD182,94143435837950900000000
0x9950Dd62617F6123551aa61DE4a31a0DEe02A4e9,1643181289214680000000
0x9967e52B586E71BBaF581F23511Ff933249D52EA,2283416128155410000000
0x9995271aE39F8684F680E521862a9a8341219F66,3613214169168590000000
0x99B6a44fa3d3e0d3f33464fFAC5710f31C3dB580,13753874180745600000000
0x99DeE42Daa80dB4BFBa4C66B9303804B1643e932,6578192382016710000000
0x99F568E049424f6A8B2ef200c7fAAd2A27426982,2459802831051900000000
0x9a33f771EC288C94B68df88C89C750d089982880,461157737775159000000
0x9a5B5905c24e199dC81E33C06633E708D19Dfd1A,50893646008472500000000
0x9aAE12dd452f78ae8919C2168717e7348392aD11,3098995489788350000000
0x9aaf68EE6A063979c1257B0Fec1875E16D40C11D,228234059192318000000
0x9aCf8D0315094d33Aa6875B673EB126483C3A2c0,403394618521243000000000
0x9B3fe4109F9Ee66F723CbEb353CEb365Ae666Ac2,15869620169800100000000
0x9b5C8aABf848a89B1378a930D42Fb094A7d94C74,132721839054314000000000
0x9B81FCdb243fF7137aFCB77209d1D4BE9dC3a6b2,2141715607795770000000
0x9B981cc4efEf5186F4436a349005dAEA13959b56,300840177842556000000
0x9BA00287ecF36714c91dFd9a58037F35B2B8544a,399638574253361000
0x9Bcdf9f62B5992d8689dD98882BA02Eb27c42410,2340570801197450000000
0x9c08992D333554Bf46c9c871783e1A12392c75Cb,2141715607795770000000
0x9CE3baAD375acedaAA730DC5157f99A35c74B318,278284773869869000000
0x9ceAd55d1b4f331C9A651015F9a5Ef19879d93AC,2141715607795770000000
0x9CEdB20c8Fd113c2eCC2c1C23406543941BdCe58,11474809777000300000000
0x9dD3045BA0dfd6136e0ce38fC322De3557279178,2587096597941190000000
0x9De41FE27A89c223E93303c07B2f07e9E56a15F8,111687913489487000000000
0x9e028c80AFF3b1A29C66fb213a98d1C634a536A8,1850279556055940000000
0x9e090724c6775829822efa1f9D06Cda555a52612,1651377737934180000000
0x9E0b62929a0cB9380B9F8dB8583E51eA39230Cff,1851701170629220000000
0x9E14F3b50eE1518d32259484d7B3AB1bf5Ec30C9,2141715607795770000000
0x9E3310EB9E19f5033f2Fafb0c1594e72FFC4082e,211361579014616000000000
0x9e4Db116A28278609eB229F1e746cd6De8DEcc86,116743798986795000000
0x9E8048B40DfaDa81b1902d21db3B45159B567b9f,41586153266281700000000
0x9eFcD6036eD7De9A9ec44D342C2Fb37dF12bF0e6,2141715607795770000000
0x9F27d386e15A8a332D697cfE5750B8D73751c830,587626797048296000000
0x9fAb59236A8608E5f1240FdeDDf0D22277c7Ce88,3872116406817200000000
0x9fB7Ed50fC5BaCE2E7e1101e8Fd6805c9A678C84,4195686244878050000000
0x9fC40486abc050495f3898F567D66E3C19dcf78b,3392904748760530000000
0xa00991F9Aa65a54dBDE368385771C5613A024693,163818650899020000000000
0xA098Ac597A37F981bd36e0c3DaDeB41a0eE438A7,25786300957933400000000
0xa0F60BECBd07DFD78383C5a7FEAF3c25Ad2800d2,2397099376271860000000
0xa10Ff7eb74497F809352409AB96e8c84Eeae7119,1931370753246170000000
0xa119E544569CBa0daefea99B44c4097F4a2825ab,53891381140437700000
0xa12EeC92d8C155C8ea9159Cb87da4e062BF9992d,116084783591175000000
0xA14D17ABF998FA2cA409De0efb74557258Bc8277,3880644896911790000000
0xa150DA57fE14E1964164FD52b55759c2649c5E9A,11805956495227500000000
0xa19Ad61447e5EA79bdDCeB037986944c41e198BC,251829632616750000000
0xA1a0e331825584bfbfd6c025a75B87C7bA795DE6,582404715016332000000
0xA1dc827898327bA1C46bE64B5ac168BE666DB64B,11361507454219200000000
0xA1e140D43b4749CF88897Fe52a9E6056142fE30C,159602840066319000000
0xA1E20C4D993608B8c4d719956EDFe595BC42c11E,142739999589830000000
0xA1F667AFC5A6f37674cb12Ce4B4a1ab0A9DF8a51,2141715607795770000000
0xa219712cC2Aaa5AA98CcF2A7ba055231F1752323,1052468205937750000000
0xa2D36f11E2225d1b89146F443350e825F15B8B68,2141715607795770000000
0xa304816C9c78505714f24FC13222fE07Ce0cc711,3113916027900040000000
0xA322166c6758D69cC3C6C0fe6ce7C2e82ffA99cF,3659238129855100000000
0xA3722b0dF43E0349517CBE969AdfafEF49Aa05Dc,1443861835125440000000
0xa3937174067Dd8710Dc250E75928deF2fD0d42e6,1293548298970600000000
0xA3B6CeFc43e6dCA3F4380D5a5C5DcE7071ED2bd6,3045314070439030000000
0xA3Cbd0c67DeE5142209ff0Cf155Bc2bC51AcF180,39575674940389300000000
0xa3cC2d84296bb93234E1E3929aC66cd9a62573c3,2141715607795770000000
0xA401728a9D792822f3a8A34991760be890B0fE36,502201191120112000000
0xa40ff3E9AA4fb77C7Ba7d955aA295911a187DBbE,13421948906373200000
0xa485Cf32D76AA53B97a57150133c0C4882174562,348095668154959000000
0xA4A3170a25fBA562E5a009F886405435cF279C2c,49747657408767800000
0xA4A62f7127C644AAEf733029E0D052E411fdafb4,21899548295694300000000
0xA4DEbED6824a5E42DE083271E96cB3c6F66D0d54,36050214161888800000000
0xa525Fcb70404336C591833A85abb1663b779CdDf,6751922772481300000
0xA5528B04d319C5fABa0b17007C385F27E37f37Bf,1799147790538410000000
0xa59C963ad0FB3e3544DC902f5C72ce4b38c7F7fb,8331174566056600000000
0xa5B8d4BfBf295EDDdde15340B2867Bd210A2D885,1125213349883160000000
0xA5ecC068db75fFb36d157625b08E747895A03d18,1381635054556220000000
0xA60AAdf62907bF06Dd714781d44Bbd4C2d783259,2141715607795770000000
0xa613E5fb6e821E946562537E2249CbfBFF81c7b8,11113427842090000000000
0xA65b44E85db0C0a280D203A88af460c308c86842,50575723410666600000
0xA6645C3c5B4E7F4780161b28F7f810dae1df95b3,378649403252760000000
0xa6bBAd15B9cc15cd1f81874D98dBb78F522161dC,93377009363661500000000
0xa6FcAC02B5A6aEF1Be0dcda8156694e291FDcBf5,139138876912243000000
0xA73B79C171542B41b0849e7c441aa667F71c3009,179537798221127000000
0xA78C8901622C2476Fd06D40F90dB5973508BEFFC,125976280741711000000
0xa7AB43295A9bddE0d185049c45ED5FfA1758c190,2385286444322700000000
0xa81166522864e01aB36071dd8A61D88bc808c581,5688801506073120000000
0xA84fE466486223FA9BbA2dD3ecFb5C1100311711,2141715607795770000000
0xa85D0f31b33FC9ADAF47887467f174a3ABC18CA4,161909652101790000000
0xa89705Bb48eA5b78b6F2B12cd4667EDd7CAafc13,2467919440486000000000
0xa8accDD3fa14B3441FBFeA16f6EF106c98E22b19,1293548298970600000000
0xA8DF0d3d1abf9fD16F992Bbf4595C621935cfE0A,2141715607795770000000
0xa8f1AF37779A8A3a3b1410a547Fa92B57574fbf5,2141715607795770000000
0xa8F62EAC6e5c15c180A5d7649C38B889e183d59e,4838797189968880000000
0xa917f7D519d7Ca5a095E4Ab6a9f2Eef689068c38,2108067113668510000000
0xA9AA89283B01e4a6C660Acc9EabF535F8679907d,83876000462427200000000
0xa9B7a57F9cDD3EE1430442420C474Cd8a656cD55,15033838236280900000000
0xaa0Ed77F435EbaEE1e56e83DccAA4B96CbDf1506,5192984214903
0xAa10bAD711Ae67325Af5469Ec5bbc788f769BCaE,50633050633924300000000
0xAA5880DCC5EE55edBd381cD66ed12028b734eefE,116171929710957000000000
0xaA970e6bD6E187492f8327e514c9E8c36c81f11E,2914975309199190000000
0xAAA2F466ad16aC9A68a8908D7b92Fdcc7ff438Ae,62960314906367400000
0xAB12253171A0d73df64B115cD43Fe0A32Feb9dAA,2144165398806220000000
0xaB1a27Ed3c6832B864E1fA2bE09b3336A7Ea620d,2589908512489990000000
0xAB2eF8AF693D09c1f32C44e4AA3d4393eA647d5D,27335383861752600000000
0xaB32bf707C9D9F78f1101F9b7B4D6B4b3727b6ea,859543365264447000
0xab58779cec2B82A75Ffd103fDc88D7e3aDb13468,2141715607795770000000
0xaB60a3588F30589914C81A83e2c48D03fef1537a,8595433652644470000
0xab61660F93dFfca32e3F526B20DAD35332080A12,170081685762045000000000
0xAB64196D3b1935d9Cc659858d3c2cA7C9d2e6707,1335882297639530000000
0xAB926273cafd857758048c675955dA975906cd8A,3361052822745300000000
0xaB9e01aeA5Ac65B0812F1E0D2EE89D7a6e7d25C9,8378690278807530000000
0xaBBf75A59AC8838FA46bd5260501B68ab28B95f6,32849344302583600000000
0xabc99c91513e26421106E1593f677800828B5284,47736639976812900000
0xAbE7c70427659660892F75a23444601A8d38f479,15270605646634300000000
0xabEa63C0967F2F5faf4b262c0104233ab5a56aC8,9269881164962980000
0xaC2184B785f0CB788aff43A60bFA9F8360688243,1745909534287910000000
0xAC6bf57B23654816505249e51d7a7BA12AC85411,824653640524998000000
0xaC86F57982301FEE6D9597f2c008333aE38765E7,748075516665636000000
0xac9558ce54f84e343AB5DA0FFAa5D0EA7C4E59A3,2141715607795770000000
0xaca4C5F626fE8924466ac432689d884003AC427f,796080180447128000000
0xaCbC9bF12851FC342eDc84647580a18B469F90D3,41592995442641200000000
0xaCd50015d9A7fbA1F53F2771307759b28f5f8B9B,53088912581402200000000
0xaCeFE2A4C44c607f5b55c89afa79806Ac787E94c,1171628316749910000000
0xAD2B1A87c7A677b7866AFF65fAAC38c458B01322,96310201009093400000
0xad53e74895c32120924502d8B650e2220926Ca7b,185567204748128000000000
0xaD89dFfe1D6945D871334d04CE538160309e5Db6,182584003266865000000
0xAd8D22b89E55490e72bB5b06971F47C4B329e8b2,14133134201931900000000
0xaDAFB3CEaaf91D928ce617514fD288296227a313,84081977387929300000000
0xadfBf9eccEE2C330D7a045fB5533b978FF5fF2b2,2941954294914920000000
0xAE1c38847Fb90A13a2a1D7E5552cCD80c62C6508,2141715607795770000000
0xae84493cAAb8d0c249389F87AF7C23614EABAcE4,14631597392760600000000
0xaeC7F373b16cd0F470B94eee154FD908f958ebD9,17110273282579300000000
0xaed25735d9bCCf1087e1eD33fCf8AEA1c9EE3Ee6,2494431157100270000000
0xaef36fC89e6D715517026B8094DEFF15F5DF6d03,1681794129284680000000
0xAefD7b72D53d74bD6833B359F1C1E84fDf1E8B03,504556355412717000000
0xaF0114811527B29E07B374EcA3114dBE20992c79,11823398516287700000000
0xAF0AC128D57781A37d3c91A91b9f3acC410F36bd,1114740481639400000000
0xAF4b8d2214A6e486A9e7b142fDC0c14323022b02,2564911455465490000000
0xaf9f1f85125FBA9C6b74455fF165269859C35529,394596454012283000000000
0xafaE671890DFBA8A9743a8eD7Fc80A5cf1b02e4F,266673650628468000000
0xafd7f0E8871E517daf1242574B65e147C254fbD3,3742411741140890000000
0xAFE2b51592b89095A4cFb18da2B5914b528f4c01,579527905126335000000
0xb031983Fd0Ca6d9c3e8eE6C371C88bc96c5d8dd7,204883395877056000000000
0xb057d918D29EaF7FCAbB54757E1112998F427489,35529339588156500000000
0xB0816D54C8c641e625747494A5894c120cC0a4a3,367170194580405000000
0xb0D6C06AD8986E571Bd411DB9877F1f2f1005bb0,2273652513545720000000
0xb0EA432eC505608a2cdeE05815508356B6f89231,2141715607795770000000
0xB0eB8B4003fDD74f3c7994fBE5fCE95aD10e3BCC,50020142370670300000000
0xb1028c2d61337589e515d6BdB949ed97935518b2,2141715607795770000000
0xb110e5D0cC2cA4AC1c0985367E698e936c633b92,2141715607795770000000
0xb136d7643a612447Eb603c051C193fdEAD1e0e37,3023796816018470000000
0xB13D1B60C8b3eECBc67048EFDABf07c6349Ba917,3759233597275350000000
0xB161F2be55C50023eFeeD44140483a7Be25FBB1e,37555162262542200000
0xB16a1d0da6c5a14759f96B088b947E82a8dC318D,62521134465964400000000
0xB172A3D49017673eB355bB2f841872e2401dc3Cc,21881940915756600000000
0xB1b4d2c37C3D76EAe8c47747De1D7dc782684849,894637642811451000000
0xB1b8C70f080cC663B5a1a9d9D36760cF17E019b9,86482849112705000000
0xB1D624068FfF9F7212324dC9494b22b7681aA5Cb,2587096597941190000000
0xB1Ecc06C51D2523145465C7C2C29930DD47f5947,1277844549771480000000
0xB22c0a39D40556D1Cd014700cBd626D82A88c072,60760051010259600000000
0xb24436606888Fe8177092B7a954C786140EaC635,370922627007390000000
0xb279Cb42Ab3d598Eb3A864399C11a52a5f506bA4,7006777964763180000000
0xb2Ae7773e14d857D1202cfc2A6A5a2A3de1525F5,14615134734854500000000
0xB34ee365B63B317DA18bBFB1f30Acfd55cEbd9De,12496389667326600000000
0xb3932Fe0f4aa6b684b6dffA1F7e68aB3A1E7442A,2141715607795770000000
0xb41e31A4ddc1c3eD12ee1aDe86f01Ff1E3F9Fb27,100140267947877000000000
0xb44B8F1f521D4B0F6643481EEbd43e4583232C76,1837107827338890000000
0xB48019d3717FC62803616831230A41E18aB5fFE0,1753539004475050000000
0xB480b083DC35eF37898d26cBd5e160dc64028876,2741886797112020000000
0xb4a3c2DebfC033Ee3399AD6aDf0B4fc74db92baA,7952586154513030000000
0xb4A778347cbb63E02818f417E659Ec60566A8AbF,2141715607795770000000
0xb4b9080afD286eF2f818eDbD69C7E9Fc7251D0A1,1338666166032720000000
0xb4e08bFe059AC65b75a2634Cdcf56Df311436d26,12861453875412700000000
0xB54B06c0769F78eF88B4c0CbF73E7bD8bC26Ed31,91960824187643200000
0xB57bF4012D47A2fa5043E98fd03e61419eFaae25,817409196375044000000
0xb588ea721B4096904e249fcd35cBbBFca91B808A,2141715607795770000000
0xB58B6e6C33871c4f199216A072FE7D227459f21B,2030683568156990000000
0xB5C32eCaED4fe62F7Abf26f83451cA3fa7265023,1888687846731600000000
0xb5f4af1a4B5021Ae10207E1C2E119ce8249B3007,2178264008900410000000
0xB632619Dd73db082Df23d7E8D5bEd09b63E31417,1063767677815240000000
0xB64b14660929EE27ee557cd0CEb272C5f984b1EE,1976727261314390000000
0xb6705b9CBe6C67Bad32389d391d37e91159171c1,6567149251684110000000
0xb672da855850130DA1912c3b3BDCf891e95C9CD3,354885428758960000
0xB6A13Fa6F23e7402eF62c644746FABF4004434dE,2141715607795770000000
0xB6c3e778FbfC698f5B3fc941fA4727525141E0Ca,4426440454846730000000
0xB6DC34F69d7973eb7C26D173644685F78E3b9858,23713626340125100000
0xB6e8c9ee416ab0B6Bb822151453f8d605AF3E982,153619583172425000000
0xB6F28ae8f31D85dC27361852b986286113Bc588D,101542334600706000000000
0xB70D29deCca758BB72Cd2967a989782F3acAd3e6,2141715607795770000000
0xB72C31DC4751f2dBc87756fDD9432d7cd82aE39f,2141715607795770000000
0xb7D0a559127C1D7dA559B717bE4aE69941F151c2,2141715607795770000000
0xb82bE987cF6f25d0F040Ca4567e3dacb4b92Aa91,21898621729385600000000
0xb85CA8B4EE48c5b00db26De546C1DF24c77db7B7,1863939718928520000000
0xB85CFc1CdD03430E3018E07861ba3509cD55015a,461590178464009000000
0xB86829bBb3a86D0662443dACdC630b21edA934d1,3880644896911790000000
0xb8989cdCA809C201c6a15c400585Da728ed5364f,74489541526369900000
0xb8b30758200475100082BC18D4C0495ce252F762,261960044174634000000
0xB8eaB9eD84144CF0e03b98cEe6d972de45795bEa,6602787130327870000000
0xb9C0aBA138B98656FfEa4309bfE2881b0b7c1d96,51531976063894800000000
0xbA0EAA19f49Ca94bF28e27968f54D4abf8936B9f,446664260368652000000
0xBA3614e031EfCF5e7D841b9014108Eb9014f110c,92134735684242000000
0xba8765802198e5c19F2BA8fe9b0dA2B225927AAf,2154924817660630000000
0xBa93b1dB4b9a686A31889A450A701B5899304D9A,2142575151161030000000
0xba9A3c0a22bAebE8c4926227BdE32d6EdC0D5d28,8782005942111510000000
0xbA9B8E4355bD706e88BE4CfD856f8088aA6dDc72,8055185365563780000000
0xBaaDc7aa3701C09d488af0e584A61A2E7E00748E,2141715607795770000000
0xbaB4bB5e935EFC6CF94F0D19173eDFa4921d8439,1293548298970600000000
0xbABDa3b79248627fC36aAf13737A718Ee4D671D7,370440299921021000000
0xBAdD1e72738584fb64c443E4EB86bE81ded7043D,11980907995274100000000
0xbaE2B70886B51514813d7C09EfcC58286C621c1a,1307863566869840000000
0xbC0aaDA3ed010A5b72958E99547ca8b8458e23c6,94033835532993400000
0xBC23dB91A554ef74648C3D751DA99388A8828908,501653302621357000000
0xbc5AddAE4436E31Ab199c8D30938091D8AbD8AaD,2133534798952570000000
0xBC82b76fAC1584C0Ee6A8C3F3e29824A01b90fF9,100029015315304000000
0xBc8819C1821Bc52b5d30D2Dd52F0Cb6110510005,1583630594445490000000
0xBcA4D68BE543dCEFb1a8bcCb519503f9ba3f2026,2141715607795770000000
0xbcc7A5Ca2bFDBcf802dA6DCc95515c528C810bA9,105774057046359000000
0xBcE3BD3b206946AbBe094903Ae2B4244B52fb4e9,2874699367872480000000
0xbd3E3D4d28E648068316a89D19c1d08C9db78B33,2311874925957450000000
0xbd4f96516844f8bD9d9FE875EB6Ce27969B55272,379740125495030000000
0xbd6933E93aE7304971D495F3DD8aF5afEA3B16E4,603106088169821000000
0xbd8D7f6F6dF33da424311859Df8077f0B6554D0E,7115907827817050000
0xbDa675429f0eBafC65Cf6e173D5053634A929250,2560006976197470000000
0xbdC191f56cd4BC0D261625C128Cb12016F83446c,2141715607795770000000
0xbde77033a21fE143c54F7Fef6B9B84f44fBbF223,446380927369725000000000
0xBE2F6a4A20ce3e8E33a97E2365731ddba1545291,87092524081230400000
0xbE3A2c98D5ff4149E0edF1ff7988a9F6074dd273,104944204194439000000000
0xBe6B4B9D33e15e17A3852A6E7BFeA0F0A126363D,3684858904275260000000
0xbe7DD82FACD47D3598803F44CB980078466aEBA3,25870965979412000000000
0xBE7E13326fc703A69FB96be9F1DB74EB3feA9f74,53205233585460400000000
0xbeE81eAd08A2Dc61D07fb5eda71915e099052EC2,424379275357160000000
0xBF189B2D708Da2C7E91Fb7AaAe8F62bD2A34B627,2141715607795770000000
0xbFb5b8411Fb4EB99c975Fe6d448888d16F5469Bb,600184099379186000000000
0xbFC4fBBeC37c291aeD1d14f02B5221d0bE0Fe8f1,17842757631928500000000
0xC01d7Aa046A2067632E966e2558B50385C20A0EA,45289637007072700000000
0xc02cA57CE4Fd197Bd34877791be417B03Bccc049,38912959409600600000000
0xc05B1022947220473a4c7c7deE19286d68170F50,2069102102955390000000
0xC07441a50674a76eE8B16201Fd58470496A7ae27,3208605753679600000000
0xC07Ec9fa7410C97145d01d10E616162C976ABAEF,2141715607795770000000
0xc0A2EF45A5fe6C570C3ED3BBdca31A4A5834c6dA,1293548298970600000000
0xc0aa3c767d0b9A0A1DE9b1c7230DB7495064DfdF,271323303574775000000
0xc0C5f8b6AA666F598C682151298787635586a886,162624462040101000000
0xC0D8AaeC03511Baf547346aa18FE51F8cc90dAd7,6029943639526700000000
0xC15Ab8DD7DAeEa5F1aA3b56507CAc8A877E21b15,654952985817756000000
0xc19eD1FA9FA3968FE12e97Aa4d511aB6bCE1320F,616848075310638000000
0xC1AAD40698836b3Dbe88BD713d4bccB411113f85,4877194086911470000000
0xC23598944699d9768A41506CC955d79DBc6778e5,1490154988291470000000
0xC23e524325D26E429F749316d6B3115F199a4B78,328775399478554000000
0xC2461B6d4cF835bF11b91A8a8dE3AD7fDD4d8521,161873253620582000000
0xc2dc013edD48afDcd7b872D51d55ccd1A7717e28,1956035588807620000000
0xc2E443BA13A28b2d518e8A6d631f48E2629076CB,240523047890659000000
0xC2edB9c398e1D632ad81647A26254c33801685Df,2141715607795770000000
0xc323A190C792617d71481F74e6805A67e0FCd88C,1517378226904520000000
0xC339E5D83f99A4617ada60674ADE566a4cf41BAe,1044681692373870000000
0xc3466a2F94b4a516c4881dC8b6a7a3d5e6eD327f,2141715607795770000000
0xC3A0Ad7666cD493618ed3A93f76f9D26b6Fb52aE,78313519307840000000
0xC3D4FEd7ad9976fb210a85Ffeb122E2141050133,4083401749816790000000
0xC3DCA6C1A257Fe21612682bF4e0fD1a9b4C4C757,868593273726971000000
0xC40ebdC95E9fAe4AdA1a2c5093d0599AfE0256bD,1412851039285990000000
0xC427A7D23660ae65F4dFE538eF284C1B6810621e,12503587630714000000000
0xc47830C158c8942868F65bBE63658aDf8E9051CA,1595173757866470000000
0xC4883BA4496a0e9347F158AbEc2254A771df9570,402148888110459000000
0xc497a4A1655dA235E69f6c32b7B8A2e59172f86D,2630193065064580000000
0xc4bf422513744B5F22297C8613BB18d228D6b6a5,323373422615379000000
0xC4E7263Dd870A29f1cFe438D1A7DB48547B16888,5066145558359800000000
0xc4eF964bA958D4B2481a2432ea3Bc7b270c57539,177077744985397000000
0xC55d71947e9A63DE1c76001c84c1a09643EBb3c8,297811578080064000000
0xC575B5e473EF412c78DEacf11AD57E33e5c2639b,7560913153457390000000
0xC59573d8FB29f0281fED565BA68dF80709b761c7,15396567831333200000
0xC59B6f807976bC3d4382d1AEbe0dDE70595169E2,2141715607795770000000
0xc5a0b5a6caC7F859099589c2a1f6D4f3a315f85e,573414101679538000000
0xC5DBD076024fa8DA2587773e5d180DD6e02F1DCa,4185828134212280000
0xC606e3D6C5dd451aB79B554d3A560833FFF2E5Dc,26323543743194100000000
0xc615094AEE43C458d145D94626c531B0FA5eb00D,2141715607795770000000
0xC61b1152B3B560eaf264608aaa6fC586BE6e6264,52447083816474000000000
0xC61c449E27A0C9B80A07f2ff74eb9F2C40830942,1068736668336880000000
0xc63d81C09208dE883804FA0c8900f237E4011717,128195536426849000000
0xC644e0bAf12096EF9EcfF1788f6ba130443A1d8E,3529826218300070000000000
0xc68Dd4c6078120b68fd19E77ead0D4C08E709C87,2141715607795770000000
0xc6d2f12D30F51d4C6FEaE1B67c68ee5A42e2B342,1633002113055650000000
0xC6e4fe019824FFbE754aaC8cc47110811Bc4e399,111816208966824000000
0xc7051a31b8a3e0389DDf6C6e33229aC243571c91,6693951820006460000
0xc74Be054Feb1D6DBB2a508Fd2a401A87F36ca5d8,16294099775346300000000
0xc75488fc48bfA3f86FB40c013D5A176CE40f1aCe,2141715607795770000000
0xC800C0722aebe3889bE9191c0819bfC93dde51a6,106957270446362000000
0xc8046E9b2201457ca4F1C96eA08aC07Fb61334de,2141715607795770000000
0xc81F7b9bBd22a92a1E8C6512Ff18E7606c0D097d,1122114523137080000000
0xc8336B9DABBac9bFB9Aa483E76fc351B13121784,2141715607795770000000
0xc84d3F93963B58892c8fD16aB39c694bb7b7DEfA,2141715607795770000000
0xC84fDD451486431B5872e47Db50d306a61e4c6a6,3113785355591450000000
0xc876A2a473e433971578f18bD315274a31b99117,3209803625642210000000
0xc88910C401AC093017dBd816A7810abE9F8CD13f,194404417925635000000
0xc8b926E457c398643dC0F888E07F5E32583914E5,36560795267753000000000
0xc8Be6527e44B0db0EB967D21d06C67b85229E606,43945920996558700000000
0xc8d1669ffA3F75B1AC5e2435A7D33fAb4253d96d,6791900328676500000000
0xc933333d76261B55065FEed8715B5C75e2167af6,3358276442081910000000
0xc975893CE4d5F17Cb83707249ba5DE0891B516fa,1467173952013230000000
0xC9a1291840278eaDeB29AEce220757C910577DFB,9477490174295600000000
0xC9B7411fd802BDfA055cFD469D1aeCAc2Ac64394,269057752737779000000
0xC9C4209ebF1A00D347A658A5Cbc2436219c045a8,2141715607795770000000
0xc9f88D8012Be24DcF091777756490BA469562aD9,2997097656414130000000
0xCa8E307106480F0906AC5930058D140C842a5F1A,3912839342065800000
0xca96946d4B754d9172D401EF3d1e97A1f4aA0207,2141715607795770000000
0xCaAF554900E33ae5DBc66ae9f8ADc3049B7D31dB,2141715607795770000000
0xCaB15D1f7101925C0043b92Bd8Ac040D701e0b38,72513045877004800000
0xcAC475845A227a96a9407FBE051353173e616a18,76496501191624300000
0xcaE8cF1e2119484D6CC3B6EFAad2242aDBDB1Ea8,50233575288555600000000
0xCB2855C0FECeF8eAB1ee82a0fC3358577c317802,722373839995421000000
0xcB2ABf97E9f64E6DEd42b546742A5Ef95a6D1aEc,28580152879159300000000
0xcb52eb36A48C9B50569aba1f6dEf63B74C59bAbe,39338514854583200000000
0xCB6222f4Df04385ea08E8DA2A5871131FF5F6cBA,65647368550057900000000
0xCB6586874cc04B01Cc4fDB777dE502cEa7b3D6c1,34102984113614400000000
0xCBb9fAAA9064c58F63b26Ab7eE01622Ab4b3e329,5058081781589000000000
0xCbEcd6AA014A6e60B347DD2ed7e9ACACcF435DC5,2141715607795770000000
0xccD724B9af92A3A389150334556330EfD3f59487,72612762273819500000
0xCD79c9C23193190C4123CaA7Ae366531AE39e25a,2141715607795770000000
0xCd89A9Ed2B1aC7026ddb3af5B2a4CB29E1b55C79,1700090672318460000000
0xCdd60e7B7ADe44053a67349A6E856c0aE33d2B91,15318730141696300000000
0xCE18C6b575E9EA544062E4Ab6DDec60BAe5E9a11,383709124261828000000
0xCf07d2338A83d5C0c3042608e61aDd03e2BD2e27,13654787341541300000
0xcF16D801AAbd640e70329b52348cBAF2d19E144C,423296419875061000000
0xcF1Cf25e5CD7aEA5f86D8400d600411BE1d85D90,2141715607795770000000
0xCF53CaB789e7971f331b8Ee1a045Ac920109BA78,2141715607795770000000
0xCF7299283370461F8629115737c4BEd1078fEFdf,105126174025765000000
0xcFdabC87eB1B02bAaE8076dAdF96Cc0a8dBaA65c,1523363757677130000000
0xCFF6bb4C793B1Bc0410b08AFCD88529939Be4F15,2141715607795770000000
0xD053a14B5e893D8D9E98A9F5A54E51bff30eDb84,2141715607795770000000
0xd062aB63Bb4f7af7e59B85DeFc3C90bfA9B81E6E,270209447663438000000000
0xD09DB761e6DD479fCd51366ea86Fb6bA5eBb9452,745501084023995000000
0xd0D97C16d863943ae0EC884E1Ce9E171d2c64cbA,40755790176333900000000
0xd11BdBbeAe9859988701500f1F4ba26261bb1F82,1933666130875550000000
0xd1401d2f57C36f57B5C7151D647f457d14F6d534,290398404377023000000000
0xD18C96b6Cd70987189b95e02B27d98e681BBA100,16814260094492000000000
0xD1A0B66835D830e9ada42eEf436f3AA8005b20B5,7049469162963910000000
0xD1EDf51Ec3431E9eA16317021fF627BD750ec706,2141715607795770000000
0xD20bF90cbEFCC716Ca735Aa1Dd6E0122348ADb54,490739915534719000000000
0xd210ae3Ea4bB169163F4e9876109A2C204Ad3a87,28109207052262900000000
0xD2217AC747Df98C87D909C4195Bb34AdbDD1444f,38878162042897100000
0xd2263A83F679EEaBB2b464F7dE488Ea8fc2B4d26,1170348446804990000000
0xD26A6Cfa13736463a24D5891A1846fE1DB4528a8,3279860231828630000000
0xd287B9581D7d502e681a1c4C3882E765594dEfC7,2141715607795770000000
0xD2AE6a6Bbe2620fa3F3F751F972aA76BCeA650df,10018192379000300000000
0xd2d824B56bC72e3D04Ec14750E6667004fF85286,15471780574760000000
0xD2e44c8F92d98a54aC1BAFF1BDE1d8A0fE29066F,135989491232296000000
0xd2Fc46E0349503DE1Fd59adC70575f3044abb49E,634513275203494000000
0xD370d39Ef962d504E661D75F28Aec670Eb703468,2608311595006580000000
0xd3892D1f674254ff8d3EAbeB45Dd59ec0b96D08c,2141715607795770000000
0xd3cAa249c6888c05833778cDA211E312bDB6B9bE,1916165413674740000000
0xd3d99ab6981587d5522854CA370726eEF63a8e4D,1813412390502150000000
0xD3f85ADe70adF48ED17C8Cb182B8B1aFf542E51F,251995953260858000000
0xD3f925042d39c23E7126e140AD1423142721C97C,4031134485071410000
0xd41C34BDFD0339e9d4CCC08D4eC8B6963227C2e7,12839828516343400000000
0xD43a72D2212d8c285299F2B2655f8CCB946e9d8B,74159049320047600000
0xD4416b13d2b3a9aBae7AcD5D6C2BbDBE25686401,99540936890556000000000
0xD452a2c0ACD4723ec727E93CA5a5069fc0fA856f,190818627088707000
0xd467919bb090023b05671B6A4A906459a5d502FD,99808573643537700000000
0xd48f1A44e56526e96A983FF750559aa365810D5A,1468392449491480000000
0xd4912C3e08EdBa5dEa3156Ef56A79716f776a2D9,7367485800130600000000
0xd4943d5e9a2413Bc1e566F31B01d5a805f9d7d13,1639507067178660000000
0xD4E3473b279661767FfdF3ac4113e2979dd5D075,2795710505370840000000
0xd5221ffa5215D352140295684bA3c829747351cF,1655816917075270000000
0xd52D391ebDFe9708346FA5017076d5D190493F78,2141715607795770000000
0xd539149A52015c8B8D0EadF53932FED667b34389,490087677417001000000
0xD53FD5826154E9Cb10BD0A5fFF965d4408480645,10716900962862200000000
0xD54d23200E2bf7cB7A7d6792a55DA1377A697799,2587096597941190000000
0xD586042ABd6ebBa5a79Daa5B39fF7C23072C644c,5297061731418100000000
0xD59586b52f6F8c90C04c2B9718bE7b2ac7D6Cc61,7366528767878470000000
0xD5C47F5F4427740e0C999cDfc76D02f864db8E0a,1864553028716240000000
0xd5Cf4a9CAb0F168bAccE07e2c90F7ac107e47D5b,9014246721230020000000
0xD5F0883341D4227304f2bdb105cf4adcC4062287,1335629906760950000000
0xD622E6DC4Acf8229412178de85dde457F1b6741D,1293548298970600000000
0xD6722b3AD85b0607209B59f7D7EB7A5F7C1027F5,466940631962812000000
0xD674d9DBEa02B7457408Ed2Cd21051498ec8d13c,21277406906680900000000
0xD68d49d5387CC0631890AFE67C68770530C1Fa40,2141715607795770000000
0xD6980B8f28d0b6Fa89b7476841E341c57508a3F6,16937629016209400000000
0xd699AE0caFE9fcc233a89B78c5A3161a12EE37fe,23118938459109000000000
0xd6eAfFdb655F2D79736b518080Cc343189F96A45,137822941110094000000
0xd6F073F2Cd09f4951449101989E2c34bD8053366,3211601596493110000000
0xd709eff945b7BE9163FD099b2781622c681EbA2d,3268018084561360000000
0xD7174dC4972895B44f31318170877A773748dc7e,104864290562263000000
0xd7454138a46185481F414748f1c37d21B8e328F5,880516762421823000000000
0xd7ee89202d611e37a2B8c9181484097b9599dD5D,1654613963511040000000
0xD85c29577845F1678435e464dfb7C9A4a86eFf1e,29955970036167800000
0xd87EcC6C74F486B044824a222326A96F696fCfA2,3745829791830450000000
0xD8CD45494F87DdC548D1945197C686e92519419b,26544013890650300000000
0xd8D0340aF0f326b47bD3ba9FE3106D70c2b2ff52,15599797863018500000000
0xD8de1241E440b18f152aDf070997e1D3B7D80735,2141715607795770000000
0xD8e1cB737Bd1608ec9Ee19E8D00F2d9e020fA6D3,5089353933399060000000
0xD91f8e7FAba07773a796c3d192b2036Af39cf7dd,2141715607795770000000
0xd9233c98d84E50F07B122ee0dE0a6a50F49127E0,6241412562230320000000
0xd95dCD306AC3eF34d413A2B35863A897D311d2fb,1339892685390080000000
0xD9c0AAEB750BA7B0D07f1Ab493Cc59a30F281fE7,2141715607795770000000
0xD9D6A1a59eb13ddF0f6E4d17E6080B003dd0F8A6,2141715607795770000000
0xD9dc3B4839ffA02B2949875E802e24B7AaA187b6,2876173507092030000000
0xda1d9534BeF3344Fa5be3B644b767b349e7415C7,44231930001844000000000
0xdA90a6e5b488a617C49a412A198b8187b7e9c999,1806821927510170000000
0xdAB85506424396fB090D84b64aD63B770D87c028,2141715607795770000000
0xDAe359f6c096C359Aad76d79f3652e63783C47A5,54355952836829400000
0xdB2B9D473014d8c6A5E55dA92205199457Ba6624,29939806867533500000000
0xDBF7b6c8c65254c7aF6B877f6b6261E922bE91Ec,615744269431189000000
0xDC18517d7f2EffC6ccE195f5a2Bf64AB52367AD3,3160153102896710000000
0xDc43D0c0497FBf3BB3cf43dcAFaCe9c116d5dd21,7826824474347460000000
0xDC93457024D0be0069dedDEcF1b764e3A78C44a5,297730675456102000000
0xdd1c5aEBd67F3c662Fb6487dF60cB5FdB1823A1a,2141715607795770000000
0xdD6dFBD7d470498d1E5535b429bfD3EAB0f3eAD2,778177790087438000
0xdd927Dc030a12b77C45ba537eF0B344B71226C49,2141715607795770000000
0xDdaC95994D0C3B6773801D26210e2b6b2F8e8dab,96980044267612200000
0xDDb725FD09397Dc5e4a2265a3F1De48d7D713aE1,14579741283288200000000
0xddBb83d59f8Ac1F88a0ba87F499c100658bb6add,67261047327619500000
0xDDeBE9a48cDCD38677739384FaBCc00C9933b1Ce,116966597453023000000
0xdE89d37a0eB3955e4232F87Ed888B0f7cc7C8969,2141715607795770000000
0xDE8b048d77b45aFBb38a8D4f5dFC7cD3Bc695FE8,31909318529890700000000
0xdE8E0c378b50118b30512386dEE6b0475D96173A,9893512672101430000000
0xDea80CE4dad86c37Ac6bF08ea56555eF1ebBA619,313427530985184000000
0xDeAF42D4a2CC1Dc14505Ce4E4f59629aeC253d75,3535535569110780000000
0xdEE2190A907037Ce09fEB8EE080f8E4BbA9532ad,5681065342132240000000
0xDF0B262ddCf9bfD19f05eAC58376D2E078BF6e8a,2141715607795770000000
0xDF1b3cBBB55D85aa8972A7358D3a6A004C1A1c46,2505822754986550000000
0xdF3f1D8186A95C65c9773AF162d398b3583785F6,860039579649214000000
0xDf580FCb02657f0aaD09740A5F2e8c9CdC7B21bc,41436211850584800000000
0xdF982320791aEE9ef491505d9e66b9CcAcE57d4b,5657772118212450000000
0xDF983A1266369D4437b4ECA7c7B743aE1996A526,36493248799974500000000
0xDFac32e8b7D90331C8754BC49De6e91a1c5be05A,5951155651258370000
0xDFbEfEffA7fc1d27D5F46CC9Ad76972De9cd5c26,2141715607795770000000
0xdfCFa08f40E84Ba07056F4340A06B3282eb895fE,5174193195882390000000
0xE033080A0486898Af493fd8430Ef33aa64C417b5,1772852908601500000000
0xE0B64Db79E49C0242178D6f2e540620ED650E0a0,3155400304062400000000
0xE0c255569751c7aB0F7CaA0022869095440ACafe,250625512911397000000
0xE0e8C1D735698060477e79a8e4C20276Fc2Ec7A7,8535917849841540000000
0xe0f1a6494ee81864A2BB84E31D7F252342b90476,7006712311130370000
0xe1452baeA1eFb49489CF642021C86480965C9e03,1066740100379010000000
0xe15b354394f71A7cC6FC6Fd661D93150517a0761,1157101915435140000000
0xE17b347Be07A423e3EB0DEd3C3Db82e138a48F51,2141715607795770000000
0xe18793cC7f72b7e7442108C66e0cCabE4F678112,320606003704154000000
0xe1D5d11D1A900d58e63Cd0562665b2F232aAc462,2141715607795770000000
0xE1d8b6Cb67748D85367a2e8eeAd249690a3cf656,2141715607795770000000
0xe22a27033c7e79678ab898844d2dF84877139C0e,6467741494852990000000
0xE2308AAC41D697EbCA6CA59d56E4DBB75D157d23,2141715607795770000000
0xE27d9E71A92eb928D033194987be22998b336068,1037804762595400000000
0xe2a25773C7ae7da7589b4061Fc8900b9eaC8B2e5,1991274741544040000000
0xe2c6A36cFf28b4e93a67F837290F2108EeDde3a9,18791399222422400000000
0xe2ddb5A5C8B88ae4360468A8f0021D7519564782,1028257780915210000
0xe30fa212b24F844fD3b0Cc1296a0735eF618d042,2526360234749910000000
0xe3292CE7cBbB9B4B81119D638ABAA2519e7A02aC,8132186722965630000000
0xe33478f001D874D1EF46520b206feb8CB469883C,2002526037250050000000
0xE33B746A030c3B3C512D274B05Ea6e40772CF212,27339005139181200000000
0xe33f6a142D3196E8bE883f241ABcb9BBc1E50210,160160001709928000000
0xe347B4dD404BFc5791152e2764fAf40536e0a0Ba,44688203065270900000
0xE38638BcF5aE24BA2cc4c4c741017C684Ef7d33B,724603248452154000000
0xE3D69bCab5dAAea39787eEaf4c0369de366d71BD,2141715607795770000000
0xe40E17d79c51dA492E2f521EDbB6e37ce2C8B86C,98280218087748800000000
0xE434109eBbF886FbFc2a364dd7b78BD3d79279Bc,4331632954852840000000
0xe44D701EfACB70Ba69F9C98cf5Bd701cBaf2d0D3,272830052537317000000000
0xE46ed44c35657112963F6B4aD02333715a81c06E,5627848303620940000000
0xe47c413217305ff0ec9dD7AEc83cA53576dc5272,365581082254816000000
0xE4Cf7e6feb0AFC7f5cf201F3298b274600F8A8Ea,10206677466974900000000
0xe4ee575aBbB6A71cDc85646B0688Af534E3886c2,2829983803237020000
0xe53007B2c5bbC02389ae9b55802eaF8A0789f461,38314610541365300000000
0xE53F4d44c45dBc16a20aB64f8a8B4404dDbBefEC,32334590143449600000000
0xe5569C4250e29a5496aa42ddE0DBB69Fead7ad58,2141715607795770000000
0xe5CC37B25e4A223797D9Bf07884B858b5dBe5152,39805207083067900000000
0xE5eca50b8a4DF0e29cdCDaC8ca21A23fA353C6c4,1275691681974080000000
0xe5Fae1A033AD8cb1355E8F19811380AfD15B8bBa,2141715607795770000000
0xE6344a20211a8a964EEAcCA082bF1F666B451833,132721839054314000000000
0xe6a1d6bA32ae1A0f4601943e19977CBfd437b181,48669699149997100000
0xE6acfB7Ee0653a2F1b90309b83DDEe57e735F2E8,4901586070067370000000
0xe6E8C65C1aDBb61932229dDd3f5bf00115bb35A2,9332264560271770000
0xe7096dAf78c15bF0889230a328e3482930F3c936,286159743602917000000
0xe74B3696c6d93716ce01472125Be3b9C74aA378B,190798642819463000000000
0xE752330A699053186aEFAA0013284E6dbC588C70,11595368631336200000
0xE79C519948Edb601E5c9B33d57F10243ceD75630,2587096597941190000000
0xE7A6FC6d9215be5d2D6FCcF3e1acb86E98AC369c,679429309023550000000
0xE7B06d0fE751818B1FF7DffB0376602fC286B972,39816020836061400000000
0xE7BF323B299553e1DD06c212AfF06f363027Ae3D,71973746266461400000
0xE7D304a8BD5E5c27AA86C5BCAfe2D834C4578367,1229804984424240000000
0xE7DbDE2EDfBf9bF3117Fc2C49c524DbFF2bfD76e,3880644896911790000000
0xE7e3BF88CB3634970C85d9607383E56EFa81B7A0,2141715607795770000000
0xE815348ecC780567d0874E2f78fF005d078Dc434,2141715607795770000000
0xE8517418753eAe2c158ae413255f7DfedF18B2E4,18901332025943900000000
0xe86d4e36124eCc84760CDC2Eb2e0E7C9728C4FF0,5902857247295990000000
0xE8730ED65A2b014e33894D5722C1C22E463dAFee,55810911111175000000
0xE8E21CF6849B3b40F93D88f79003f93049ccBdAf,198772238593102000000
0xE93348B328F09BDd7CA877952AEECd0e533e5Bb3,61273558814213800000000
0xe9485b69e91D5C6b5D84f05C2E062189561a8B2a,190737167553705000000
0xE955f8Eed3321f8431F2924C65824F1910eb0638,40230084594313900000000
0xE99df2E1D3B00be31f444894831032eA0657925d,3453295529038660000000
0xE9a4aB491942160Cc1F42449911D0E3dd5222436,99433150694846300000000
0xE9B3B98A06F48fc044871f17B9F36C90d58D6454,67813293839159100000
0xE9FCAFff808F539A65adA7774cBf3bf54d047980,1792488905415210000000
0xeA869669210a69B035b382E0F2A498B87dc6a45C,119864785182418000000000
0xeA91AA97885e058167CaBfE93e0DAAf1C337bF84,6923150211001880000000
0xEa9E29b5F3eAA58Eea1B6a8f6f164DE290905310,2962765971191480000000
0xEABE304cDC7BAE3Aa7d8D153bCd6F49B9943E07b,81569418474583400000000
0xeAc265aB8351bF063BFe9B4c8844618aC93C2D0E,2141715607795770000000
0xeac8a349d0b56797c1e5B2517C9c660A140f07F3,93234114879726500000
0xeAc9360F031C9702A6B6590adBE9e2015b663EC0,550483510431656000000
0xEAE59890f7787B05D0C6375651CD59920aFb0576,14801563010213200000000
0xEb291FDd2e5aBb32fC86Aa73d494748Dc7C0ef6F,1399644746532980000000
0xeb5B859bd224b2fA7D7543EA313bD097ead42E1c,147531335579297000000
0xeB6b882A295D316aC62C8cfcc81c3E37c084b7c5,4596913629717760000000
0xEb97D6E2c851e01A4Ba9f3e282de2BFe467cb13b,13663467874761500000000
0xeBF9B5851872bF9E2Ae323CE41c0845b6753dDF8,2929670836667250000000
0xEC092c15e8D5A48a77Cde36827F8e228CE39471a,803826362670640000000
0xEC42A784C57608264Cb58F284C77dE7c774EE48e,4090736839077780000000
0xeC6cCcA5A37e7B3dff70958697382b806aF74525,2141715607795770000000
0xEC7dB4D0B591aB0c25a3a9b94a72117B489f93F5,63522055870513300000
0xECCb9B9C6fb7590a4d0588953B3170A1a84E3341,21681821769225500000000
0xed206D089f791A1411228BF0daf9621662af340c,4163896710715320000000
0xEd42a25A7fDE348473e57DB6DB4B86893b7B845B,1148322344651280000000
0xeDBD6E1F8E221BF5755EBD3f9A5E6B8368850666,432168555578993000000
0xeDD011efCE6f8c8b92493cF84AbC445b8e0992DC,35766279312843300000000
0xEE13Ae5Caf40f5757Ed890be6330788779984BfA,5079976282764460000000
0xeed3a50d4EF57124224ae8D51c2820A7aF161116,619347870128322000000
0xeF2623fef4519158A93E47cc8BaF97e0B93cD40c,4285090720141200000000
0xeF4da186884C213Be62b136F30F81c498018A1F8,18585695588614700000000
0xef64444Ba0ec0e38cA4d78e0c7996C8AB0f7C031,195951354451426000000
0xEFF362810e8a03eC0e87591a45ba5c38b710b4b5,7829541177470470000000
0xF059B59bdbeC91d83C558B4a3CD3c1c6E275F2F1,1535126319322300000000
0xF07FcF8EBecAE2cc001607Ea542c36a4F3da68BC,6324240332913050000
0xF09A845C973b8265c8519D503FA6097caaB7f932,7226376898731400000000
0xF0Ecaf4f908513e0010A45d213270C6fa7FfA6Ba,184559785239953000000
0xF1150F15E5Dc578Ee6a960569bE240DB7a9efdcA,15008646532259700000000
0xf1B0e2276f0999Db4a2478Fdd2151a8CC51F5048,2462560588698390000000
0xf1C9AdC4026EEa65dF1ca3468be1cC27DC560e7C,199080104179877000000000
0xF2830011799AdB2Ae035E033607254B25bfAFD97,7158366684554670000000
0xF28418C62cF2196Cc9EBABfE1A665f3735D4d0e4,58758439547926400000
0xf2Bc825FB466136d00571B496E6EB1a601679919,2141715607795770000000
0xf2e4a05cBae83fb3173BECEe7a31686e8A6ae3Ce,8542563496683680000000
0xF2Efc344eD7cFdbc2F37529e2E912c073e709e9d,2341401360313390000000
0xf301bec395546c22b426cA2909E1BC7d9bC6382F,2141715607795770000000
0xf3270af4e9fB92294040Cc2df7D692267de7B895,2141715607795770000000
0xF32B5Cb3a62364845ACDF265408FeF9001f084C2,604881234444140000000
0xF34E13b94257e1932Cb39a05fa35674f66EFFC23,1389505882288610000000
0xf38b07B8ac72Ad70806E902c2ecFb7EdD36cA3f5,3650393590356390000000
0xf3b059c887172f2cc52b5e77EE3b2C8B3A32E6eF,1572996657201820000000
0xF3b375a2bcebDef5878E52B29eb2fEDC564f1d21,25786300957933400000000
0xf3F846fC8d132f413123b6b0163D666f8f710196,8967035212799590000000
0xF40F31dED467E0f6c843F230f99Fd404DB758901,121659566441272000000000
0xf477038F89a29C12c053d1C8641c2A5fE2cBD26F,100745012273985000000000
0xF4BFB57afF6bA8fd6C00B38fec82AaaC0B08e4e5,1428480039793340000000
0xf4F430E3E07270e5Cb272c48685289a8129BA121,2141715607795770000000
0xf50Da298ed072AE114FCa04bd6C3d39Fa0147Aa1,444825707329593000000
0xf51e5a0A85d29AA0508894405D734BcF044dcb5b,45001157859082000000000
0xF5EeBE9aD697b0251C7f8c3124e6F8D1e6377376,261229093046035000000000
0xF5fF310982D58Ddc813C541a64b8C4f3F5035E58,52306663067624600000000
0xf612EbC947D051f50566Ae085D8E8FFd5371DD43,1719086730528890000
0xF6b52E84e9685582b29d28a437660E905B0e132d,5560741638750580000000
0xF6d52FB9613DdBD3eaF4DB92d0De4c6E23F347a2,2425422722637880000000
0xF6DfA7D9E05c80a515F83d7fE65AFB1F0160faAE,8595433652644470000
0xf6e28c7097EF34FDD1104f222ed2212288fe96D2,2475275162835880000000
0xF712aB8c4505eB4B36a2Ff9Fa746470be81E6538,123124043837667000000000
0xf72fb2D6925167cB27852F640a20338D6F2D38Ab,171894876170542000000000
0xf7343bf51EC9064662FEC48a5F282326794D6932,2141715607795770000000
0xf7476Db5B717aC661C027e684456115ab1e728C3,24935247315641700000000
0xf748879EdBe8CcA140940788163d7bE4d2A2E46A,2141715607795770000000
0xF7c802E795C749066E917F30b34C6488e5b10Da3,236075157327296000000000
0xF80CACD82b00DA8C669e9f7bbBd80E320A40C8fB,71388636137275700000000
0xF85528ef72f404FC6bF5f02314c3586fe01cb8eC,330352219093754000000
0xf85D3AA80d5386B11A28C59C68D8b4896e82f2C1,16961345135160300000000
0xf8Baf28B6cd8a4506823882766eec12f7E407a65,1293548298970600000000
0xF98F0e7dd8E5189cB05664c0B220B7789c749Ef0,7334298860330870000
0xf99C8873B972b4192e789F55AB954188D0d9A133,2141715607795770000000
0xf9aE531E4b7992AFD7400741E0f3Ae9ddA919B0b,1648071655403240000000
0xF9b7C16bf0658F0F1CfaC7D8487D1284e72Ac931,393669509950085000000
0xFa158A46D2705Df574ADf619879984a70C66796d,12245080867065300000000
0xFaa41900848b7f68F4859676432811E6fC46a15c,162790734239372000000000
0xfB17d5CD85854B6Bee89e714591DE521F3169dE5,2070681877048810000000
0xfB563Cb2572c50480f0ff1A009DA54f1fC5D9AF3,8288144910511500000000
0xFB9ae8DDEe587e535F9075Dde3BaDec86E2A8e04,239884350580511000000
0xFbBfb548757D85D0e100Bf45491F577A5d4037De,6758788329469600000000
0xfbd08fD2B2c7148b4e38624158C3155b5B49F886,5533054487315870000000
0xfc0cA4f2534603123a557140a24695D906C18FAA,29060233701312000000000
0xFc1551c19e15e596C78115553ccA7a4139ba6B75,3115597047893440000000
0xfc1be7AdABB85075B02c5a6Aa020901A4c680068,14892648035203800000000
0xfc3267Cc1eAD34059f43A70Eda456b29D1D64214,2803921612032960000000
0xFc848DaD0622790b4349D3d0acba19206218615e,262813461987774000000
0xFcBB477ec276476B6029Ed0467F28F5ac1712884,7452467162919320000000
0xfcd437e59956a0b0A3233b6d01e08f769468521c,16242833082431700000
0xFcF80133cD4E8d79dDF8125A32980398a0B074D0,8219057639098060000000
0xFD47Dcc2b4419E0AfeB26C8120DBe8615bb031a7,2141715607795770000000
0xfd5E5DeB3a8b60c4a16b8d6eb9770BB60ce4cED0,502500420410543000000
0xfd944C5B30856e7B972200306aa65Fcce7Ec1f00,1532912398314100000000
0xfdf39D0789EF9965B63d176a0d41f21b46E3408B,58062651339092600000000
0xfE02bDAE68088012fF446A83567a71634895A9a4,2601068839474140000000
0xfe12fD94C2ad799fc0E09e62F10011DA73AabC1C,126342388264817000000
0xfe5021168D36b8af7d5DDbd98C5baeA8b69b42f4,2822955500988840000000
0xFE83ADb78AB84E3B3E7ba664eB4abd87A7b3916A,10348386391764800000000
0xfe8D5Dea7987d101247243D5BbAF7804a1Ff187a,2988891433349110000000
0xfe94A3dB3b92cd2Ce8672967A4EdbcC86784e1c7,1412453105770670000000
0xfeAfdd268E7Be4506b1cA86Cd52ED5B14648e21D,2587273647009730000000
0xFF014Ddc98c538D146B33B665484FC162148FCE6,6322003446373230000000
0xfF2AD84b31f046dECC8A4F627c7cf81fe61FF54b,190153219478798000000000
0xff75D3a2d2fd3f6b2D8DC883Ae21fDC972cf97A3,11886875884594200000000
0xfFa8abfB478969B09f9e1B622aaB1457AcB90457,2141715607795770000000
0xffe6212BAf6c88850dcD6511CD32Be11c50D3a61,239957210683578000000000
0xffeEB0C2715D83e7A1a1C5D9Ba159d1336d765ce,1401342462569890000